League,Date,Time,Round,Home,Away,posicao_home,posicao_away,FT_Odd_H,FT_Odd_D,FT_Odd_A,FT_Odd_Over25,FT_Odd_Under25,FT_Odd_BTTS_Yes,FT_Odd_BTTS_No,Media_Total_2HT_H,Media_Total_2HT_A,CV_Media_Total_2HT_H,CV_Media_Total_2HT_A,PPJ_H,CV_Pontos_H,PPJ_A,CV_Pontos_A,Media_primeiro_gol_home,Media_primeiro_gol_away,Media_primeiro_gol_home_sofrido,Media_primeiro_gol_away_sofrido,xg_home,xg_away,xg_jogo,Power_home,Power_away,media_movel_chutes_por_gol_H,media_movel_chutes_por_gol_A,media_chutes_home,media_chutes_away,Porc_Over05HT_Home,Porc_Over15HT_Home,Porc_Under05HT_Home,Porc_Home_Win,Porc_Over25FT_Home,Porc_BTTS_Home,Media_FT_Corners_H_MAR,Media_FT_Corners_H_SFR,Porc_Over05HT_Away,Porc_Over15HT_Away,Porc_Under05HT_Away,Porc_Away_Win,Porc_Over25FT_Away,Porc_BTTS_Away,Media_FT_Corners_A_MAR,Media_FT_Corners_A_SFR,Diferente_0x0_Home,Diferente_0x0_Away
BRASIL - SÉRIE B,2023-11-05,18:00,RODADA 35,Vitória,Vila Nova,1.0,9.0,1.98,2.95,4.3,2.55,1.45,2.18,1.6,1.0,0.8,0.17,0.21,3.0,0.0,0.9,1.61,47.9,18.6,37.0,48.62,1.06,0.53,1.59,6.7,4.0,3.05,3.63,5.5,4.5,60.0,30.0,40.0,100.0,40.0,20.0,6.3,6.3,90.0,40.0,10.0,30.0,50.0,30.0,4.1,4.1,100.0,100.0
BRASIL - SÉRIE A,2023-11-05,18:30,RODADA 32,Coritiba,Goiás,19.0,18.0,2.45,3.3,2.88,2.15,1.67,1.91,1.91,1.2,1.6,0.3,0.22,0.5,1.94,0.9,1.33,19.8,39.0,40.25,45.38,1.26,1.47,2.73,-0.5,1.2,3.5,2.9,4.7,2.7,70.0,50.0,30.0,10.0,50.0,40.0,5.6,5.6,70.0,30.0,30.0,20.0,20.0,50.0,3.8,3.8,90.0,100.0
MÉXICO - LIGA MX,2023-11-05,19:00,ABERTURA ,Necaxa,Mazatlan FC,18.0,10.0,2.45,3.5,2.75,1.8,2.0,1.57,2.25,1.2,1.2,0.38,0.31,0.33,1.55,0.83,1.4,54.0,30.0,35.83,25.4,0.92,1.5,2.42,-2.6,0.8,5.25,3.1,4.5,4.17,66.67,33.33,33.33,0.0,50.0,66.67,4.33,4.33,83.33,66.67,16.67,16.67,66.67,83.33,3.33,3.33,100.0,83.33
EUA - MLS,2023-11-05,19:00,PLAYOFFS ,Sporting Kansas City,St. Louis City,,,1.7,4.2,4.5,1.65,2.2,1.67,2.1,1.6,2.8,0.13,0.13,1.5,1.05,1.7,0.83,15.5,50.75,39.62,44.22,1.34,1.83,3.17,5.8,4.5,2.89,3.38,4.5,5.2,80.0,60.0,20.0,50.0,70.0,50.0,5.7,5.7,60.0,30.0,40.0,50.0,70.0,70.0,4.4,4.4,100.0,100.0
MÉXICO - LIGA MX,2023-11-05,21:05,ABERTURA ,Santos Laguna,Toluca,14.0,8.0,2.1,3.75,3.2,1.44,2.7,1.4,2.75,2.2,0.8,0.14,0.32,1.43,1.06,1.0,1.22,38.5,46.75,50.5,30.0,1.2,1.47,2.67,0.17,1.25,3.5,3.25,5.57,4.4,57.14,28.57,42.86,42.86,57.14,57.14,6.43,6.43,100.0,60.0,0.0,20.0,40.0,60.0,3.4,3.4,85.71,100.0
EUA - MLS,2023-11-05,21:30,PLAYOFFS ,Vancouver Whitecaps,Los Angeles FC,,,2.8,3.4,2.5,1.62,2.25,1.5,2.5,1.0,0.4,0.57,1.2,1.4,0.84,1.5,0.72,31.75,32.0,44.25,31.0,0.57,0.69,1.26,2.3,2.4,3.22,3.56,5.3,4.0,80.0,30.0,20.0,30.0,40.0,70.0,6.7,6.7,70.0,30.0,30.0,30.0,40.0,50.0,5.5,5.5,90.0,70.0
MÉXICO - LIGA MX,2023-11-05,23:06,ABERTURA ,Juarez,Querétaro,13.0,17.0,2.0,3.5,3.75,1.85,2.0,1.7,2.05,1.4,2.0,0.07,0.06,1.33,1.02,1.29,1.25,51.0,48.0,38.5,22.8,1.83,1.2,3.03,2.0,6.0,2.48,4.03,3.83,4.57,83.33,33.33,16.67,33.33,50.0,83.33,5.0,5.0,71.43,57.14,28.57,42.86,71.43,42.86,5.71,5.71,100.0,100.0
GRÉCIA - SUPERLIGA,2023-11-06,13:00,RODADA 10,Panserraikos,OFI Crete,9.0,7.0,2.7,3.3,2.63,2.05,1.8,1.8,1.95,1.5,1.33,,,2.0,0.71,0.67,0.87,48.0,,,30.5,1.58,0.58,2.16,,2.0,3.25,,5.0,4.33,50.0,0.0,50.0,50.0,0.0,50.0,3.5,3.5,66.67,33.33,33.33,0.0,66.67,33.33,5.0,5.0,100.0,66.67
TURQUIA - SUPER LIG,2023-11-06,14:00,RODADA 11,Gaziantep,Rizespor,,,2.2,3.3,3.25,1.95,1.9,1.73,2.0,1.67,2.75,,0.09,1.0,1.73,0.75,2.0,60.5,82.0,8.5,24.0,1.36,1.41,2.77,0.0,2.0,2.0,2.67,3.33,2.5,66.67,33.33,33.33,33.33,66.67,33.33,5.67,5.67,100.0,0.0,0.0,25.0,100.0,75.0,3.25,3.25,100.0,100.0
TURQUIA - SUPER LIG,2023-11-06,14:00,RODADA 11,Kayserispor,Alanyaspor,7.0,14.0,1.95,3.5,3.8,1.75,2.05,1.62,2.2,1.0,1.67,0.24,,2.0,0.58,0.67,0.87,18.5,,,60.0,1.44,0.29,1.73,6.67,1.5,2.17,,3.75,2.33,50.0,0.0,50.0,50.0,25.0,25.0,5.25,5.25,33.33,0.0,66.67,0.0,33.33,33.33,3.33,3.33,50.0,66.67
ITÁLIA - SERIE A,2023-11-06,14:30,RODADA 11,Frosinone,Empoli,12.0,19.0,2.1,3.4,3.5,1.93,1.97,1.75,2.0,1.75,2.33,0.2,,2.25,0.67,1.0,1.73,25.5,,44.25,11.5,2.74,1.08,3.82,2.0,-5.0,1.5,,3.5,3.0,100.0,75.0,0.0,75.0,100.0,100.0,3.5,3.5,100.0,33.33,0.0,33.33,66.67,0.0,5.0,5.0,100.0,100.0
NORUEGA - ELITESERIEN,2023-11-06,15:00,RODADA 27,Aalesund,Sandefjord,,,2.25,3.8,2.9,1.57,2.35,1.5,2.5,1.6,1.8,0.25,0.22,0.8,1.54,0.2,2.11,32.4,27.8,46.22,35.22,2.05,1.67,3.72,-1.2,-0.8,2.2,2.5,3.1,3.5,70.0,40.0,30.0,20.0,60.0,50.0,4.6,4.6,80.0,60.0,20.0,0.0,50.0,50.0,3.9,3.9,90.0,90.0
SUÉCIA - ALLSVENSKAN,2023-11-06,15:00,RODADA 29,Norrkoping,Varberg,9.0,16.0,1.4,5.0,7.0,1.5,2.5,1.75,2.0,1.4,1.6,0.11,0.14,1.5,1.05,0.4,2.42,47.43,39.75,49.0,40.7,1.55,0.49,2.04,3.5,-1.6,3.36,4.62,3.7,3.6,40.0,30.0,60.0,50.0,50.0,40.0,5.0,5.0,80.0,40.0,20.0,10.0,60.0,40.0,4.5,4.5,100.0,100.0
PORTUGAL - LIGA PORTUGAL 2,2023-11-06,15:00,RODADA 9,Ferreira,Académico Viseu,12.0,16.0,2.15,3.4,2.8,2.05,1.8,1.8,1.91,1.0,1.33,,,1.33,1.15,0.67,0.87,77.0,,,29.0,1.15,0.67,1.82,2.0,-0.5,5.0,,6.0,3.33,33.33,33.33,66.67,33.33,33.33,33.33,6.67,6.67,66.67,0.0,33.33,0.0,33.33,33.33,6.33,6.33,66.67,66.67
SUÉCIA - ALLSVENSKAN,2023-11-06,15:10,RODADA 29,Göteborg,AIK Stockholm,13.0,12.0,2.2,3.3,3.4,2.1,1.7,1.91,1.91,1.0,1.0,0.47,0.33,1.7,0.83,0.5,1.94,54.71,29.17,42.0,36.78,1.67,0.57,2.24,6.4,-0.5,3.79,4.83,5.5,3.8,60.0,20.0,40.0,50.0,40.0,40.0,7.1,7.1,70.0,60.0,30.0,10.0,60.0,60.0,5.1,5.1,90.0,90.0
ITÁLIA - SERIE A,2023-11-06,16:45,RODADA 11,Torino,Sassuolo,13.0,14.0,2.1,3.4,3.5,2.02,1.88,1.75,2.0,1.0,1.67,0.12,,1.25,1.01,0.33,1.73,,14.5,,36.33,0.76,0.87,1.63,1.67,-0.5,,2.25,2.5,3.0,0.0,0.0,100.0,25.0,25.0,0.0,6.0,6.0,100.0,33.33,0.0,0.0,33.33,66.67,4.33,4.33,50.0,100.0
INGLATERRA - PREMIER LEAGUE,2023-11-06,17:00,RODADA 11,Tottenham,Chelsea,2.0,13.0,2.15,3.6,3.2,1.65,2.2,1.57,2.25,2.0,1.0,,,3.0,0.0,2.33,0.49,58.33,30.0,,,0.81,0.81,1.62,8.0,7.0,3.5,1.62,7.0,5.0,33.33,0.0,66.67,100.0,33.33,33.33,7.67,7.67,66.67,66.67,33.33,66.67,33.33,33.33,3.67,3.67,100.0,66.67
ESPANHA - LALIGA,2023-11-06,17:00,RODADA 12,Getafe,Cádiz,,,1.91,3.1,4.75,2.6,1.48,2.25,1.57,1.0,1.75,0.35,0.07,2.0,0.58,0.0,,45.67,,23.0,46.0,1.77,0.61,2.38,3.67,-2.0,3.33,,4.0,3.25,50.0,50.0,50.0,50.0,25.0,50.0,4.25,4.25,50.0,50.0,50.0,0.0,50.0,25.0,3.75,3.75,75.0,100.0
ESPANHA - LALIGA2,2023-11-06,17:00,RODADA 14,Zaragoza,R. Oviedo,9.0,13.0,2.4,2.9,3.4,3.1,1.36,2.38,1.53,0.8,0.6,0.16,0.57,1.67,0.9,1.0,1.1,43.5,26.5,55.33,60.5,0.85,0.35,1.2,3.4,1.0,2.5,1.67,3.5,2.0,66.67,16.67,33.33,50.0,0.0,16.67,4.83,4.83,33.33,16.67,66.67,16.67,16.67,33.33,3.83,3.83,100.0,66.67
PORTUGAL - LIGA PORTUGAL,2023-11-06,17:15,RODADA 10,Farense,Arouca,13.0,18.0,2.2,3.3,3.2,2.08,1.73,1.8,1.95,1.25,2.0,0.19,,1.75,0.86,0.67,0.87,20.5,58.0,35.5,43.33,1.83,1.15,2.98,6.33,1.5,1.67,2.67,5.75,3.0,75.0,50.0,25.0,50.0,75.0,25.0,8.25,8.25,66.67,33.33,33.33,0.0,66.67,100.0,2.33,2.33,75.0,100.0
BRASIL - SÉRIE A,2023-11-06,19:00,RODADA 32,Vasco,Botafogo,17.0,1.0,2.38,3.3,3.0,2.1,1.7,1.91,1.91,1.8,1.2,0.35,0.3,1.6,0.94,1.7,0.83,33.83,47.43,55.86,48.33,1.13,1.2,2.33,1.4,4.7,2.65,2.29,4.7,2.8,60.0,20.0,40.0,50.0,30.0,30.0,5.6,5.6,50.0,30.0,50.0,50.0,40.0,40.0,3.0,3.0,100.0,90.0
BRASIL - SÉRIE A,2023-11-06,21:00,RODADA 32,Santos,Cuiabá,15.0,11.0,2.05,3.3,3.75,2.3,1.6,2.0,1.75,1.4,0.8,0.19,0.43,1.2,1.1,1.2,1.29,36.83,33.8,33.29,35.14,1.1,0.98,2.08,2.2,1.0,3.33,2.3,4.8,3.0,70.0,50.0,30.0,30.0,70.0,50.0,5.5,5.5,80.0,20.0,20.0,40.0,30.0,20.0,3.2,3.2,80.0,100.0
EUA - MLS,2023-11-06,23:00,PLAYOFFS ,Real Salt Lake,Houston Dynamo,,,2.38,3.5,2.9,1.62,2.25,1.53,2.38,1.8,1.2,0.35,0.23,1.2,1.1,1.2,1.1,42.0,40.71,36.62,40.57,1.13,1.79,2.92,-0.9,3.0,3.67,3.33,5.4,3.9,70.0,30.0,30.0,30.0,80.0,50.0,6.3,6.3,70.0,40.0,30.0,30.0,50.0,50.0,4.0,4.0,80.0,90.0
INGLATERRA - LEAGUE TWO (4ª DIVISÃO),2023-11-07,16:45,RODADA 1,Colchester,Swindon,20.0,10.0,2.8,3.8,2.25,1.53,2.4,1.5,2.5,1.8,2.4,0.07,0.31,0.67,1.82,1.0,1.0,37.2,27.2,47.6,23.5,1.62,1.88,3.5,-0.2,2.0,5.4,3.04,6.67,4.71,66.67,16.67,33.33,16.67,50.0,66.67,6.67,6.67,71.43,57.14,28.57,14.29,71.43,71.43,5.86,5.86,100.0,85.71
INGLATERRA - LEAGUE ONE (3ª DIVISÃO),2023-11-07,16:45,RODADA 7,Shrewsbury,Bolton,18.0,3.0,3.6,3.4,1.91,2.0,1.85,1.8,1.95,1.2,1.6,0.11,0.36,2.0,0.77,2.0,0.71,49.75,24.6,80.67,57.0,0.89,1.33,2.22,2.8,3.75,3.12,3.73,3.17,6.2,16.67,16.67,83.33,66.67,16.67,16.67,5.33,5.33,80.0,60.0,20.0,60.0,60.0,60.0,5.4,5.4,100.0,100.0
INGLATERRA - LEAGUE ONE (3ª DIVISÃO),2023-11-07,16:45,RODADA 13,Wigan,Peterborough,19.0,4.0,3.3,3.6,2.05,1.9,1.95,1.8,1.95,1.2,1.0,0.33,0.28,2.0,0.77,1.57,0.89,41.6,44.17,39.0,62.4,0.92,1.1,2.02,5.4,4.33,2.1,4.17,3.67,4.71,83.33,16.67,16.67,66.67,50.0,50.0,4.17,4.17,57.14,28.57,42.86,42.86,28.57,57.14,6.86,6.86,100.0,100.0
ESCÓCIA - PREMIERSHIP,2023-11-07,16:45,RODADA 9,St. Johnstone,Motherwell,12.0,9.0,2.7,3.25,2.6,2.08,1.73,1.8,1.95,1.75,1.0,0.0,,1.0,1.41,1.33,1.15,41.5,37.0,43.25,60.5,1.0,1.08,2.08,-0.67,2.0,1.75,3.5,2.5,3.0,75.0,25.0,25.0,25.0,50.0,50.0,4.5,4.5,66.67,0.0,33.33,33.33,0.0,33.33,7.33,7.33,100.0,100.0
INGLATERRA - CHAMPIONSHIP,2023-11-07,17:00,RODADA 12,Rotherham,Ipswich,22.0,2.0,5.75,4.75,1.45,1.6,2.3,1.8,1.91,1.8,0.6,0.16,0.24,1.6,0.84,3.0,0.0,43.4,42.2,62.75,,0.57,1.2,1.77,3.25,6.0,1.8,4.2,3.0,4.6,60.0,40.0,40.0,40.0,60.0,80.0,3.8,3.8,80.0,0.0,20.0,100.0,20.0,20.0,2.6,2.6,100.0,100.0
INGLATERRA - LEAGUE ONE (3ª DIVISÃO),2023-11-07,17:00,RODADA 7,Reading,Bristol Rovers,24.0,15.0,2.7,3.4,2.38,1.8,2.0,1.62,2.2,1.2,2.2,0.36,0.11,1.5,1.1,1.17,1.26,46.8,50.2,24.5,56.2,1.7,1.2,2.9,0.8,0.4,3.4,3.6,5.0,4.17,100.0,16.67,0.0,50.0,50.0,50.0,6.83,6.83,50.0,16.67,50.0,33.33,50.0,66.67,4.33,4.33,100.0,100.0
BRASIL - SÉRIE B,2023-11-07,19:00,RODADA 35,CRB,Chapecoense,10.0,18.0,1.82,3.25,4.5,2.37,1.52,2.2,1.6,0.6,2.2,0.48,0.13,2.0,0.67,1.3,1.15,37.0,25.86,41.0,50.6,1.33,0.8,2.13,5.8,0.4,3.46,1.89,4.9,3.5,80.0,30.0,20.0,60.0,30.0,20.0,4.5,4.5,80.0,30.0,20.0,40.0,70.0,70.0,3.0,3.0,100.0,100.0
EUA - MLS,2023-11-07,21:00,PLAYOFFS ,Atlanta Utd,Columbus Crew,,,2.15,4.0,2.9,1.36,3.1,1.33,3.25,2.2,1.6,0.14,0.36,2.2,0.6,0.3,1.61,29.2,34.56,43.88,44.7,2.5,1.0,3.5,7.2,-1.4,2.2,3.48,6.2,4.7,100.0,50.0,0.0,70.0,100.0,80.0,5.4,5.4,90.0,40.0,10.0,0.0,60.0,90.0,5.5,5.5,100.0,100.0
BRASIL - SÉRIE B,2023-11-07,21:30,RODADA 35,Criciúma,ABC,6.0,20.0,1.3,5.0,11.5,2.03,1.77,2.66,1.45,0.4,1.8,0.75,0.23,1.9,0.76,0.2,2.11,31.22,60.67,39.33,37.0,1.48,0.63,2.11,5.9,0.3,4.28,2.67,4.9,2.8,90.0,30.0,10.0,60.0,40.0,50.0,5.2,5.2,80.0,30.0,20.0,0.0,50.0,60.0,3.3,3.3,100.0,100.0
COLÔMBIA - PRIMEIRA A,2023-11-07,21:30,ENCERRAMENTO ,Boyacá Chicó,Dep. Cali,18.0,8.0,3.5,3.1,2.05,2.25,1.62,1.91,1.8,1.2,1.8,0.17,0.14,1.8,0.73,1.3,1.15,52.38,36.71,60.6,29.38,1.55,0.94,2.49,5.6,0.4,3.38,2.13,4.0,4.5,50.0,30.0,50.0,50.0,20.0,40.0,4.9,4.9,80.0,50.0,20.0,40.0,70.0,50.0,5.4,5.4,90.0,100.0
COLÔMBIA - PRIMEIRA A,2023-11-07,21:30,ENCERRAMENTO ,Envigado,Deportivo Pasto,20.0,10.0,2.7,2.88,2.7,2.35,1.57,1.91,1.8,1.6,1.2,0.2,0.16,1.2,1.1,0.9,1.33,42.71,59.5,49.83,37.14,0.98,0.89,1.87,1.1,0.9,3.67,3.67,4.44,4.2,50.0,10.0,50.0,30.0,50.0,50.0,4.4,4.4,50.0,20.0,50.0,20.0,20.0,40.0,3.4,3.4,80.0,90.0
COLÔMBIA - PRIMEIRA A,2023-11-07,21:30,ENCERRAMENTO ,Junior,Huila,7.0,16.0,1.33,4.75,7.5,1.85,2.0,2.2,1.62,1.0,1.2,0.39,0.31,1.8,0.73,0.1,3.16,40.38,49.2,39.67,42.6,1.4,0.77,2.17,3.6,-0.9,4.81,2.4,4.8,2.2,70.0,30.0,30.0,50.0,10.0,40.0,5.4,5.4,70.0,40.0,30.0,0.0,50.0,50.0,3.6,3.6,100.0,100.0
COLÔMBIA - PRIMEIRA A,2023-11-07,21:30,ENCERRAMENTO ,Petrolera,Pereira,9.0,17.0,1.83,3.2,4.2,2.15,1.67,1.91,1.8,0.6,1.2,0.7,0.29,1.8,0.86,0.4,1.29,29.86,53.0,27.62,41.88,1.5,0.35,1.85,2.8,-0.6,3.17,3.33,5.8,3.4,90.0,60.0,10.0,60.0,60.0,50.0,4.9,4.9,50.0,0.0,50.0,0.0,10.0,30.0,4.3,4.3,100.0,80.0
COLÔMBIA - PRIMEIRA A,2023-11-07,21:30,ENCERRAMENTO ,Santa Fe,Once Caldas,11.0,15.0,1.85,3.1,4.2,2.08,1.73,1.83,1.83,0.8,1.0,0.38,0.35,1.9,0.76,0.3,1.61,50.75,48.86,37.67,33.44,1.47,0.49,1.96,2.9,-0.7,2.79,3.21,5.0,3.6,50.0,20.0,50.0,60.0,40.0,20.0,5.8,5.8,70.0,50.0,30.0,0.0,60.0,70.0,4.0,4.0,90.0,90.0
EUA - MLS,2023-11-07,23:00,PLAYOFFS ,Nashville SC,Orlando City,,,1.95,3.4,4.0,1.83,2.03,1.67,2.1,1.8,1.4,0.15,0.34,1.9,0.76,2.0,0.67,32.0,44.25,54.56,41.0,1.2,1.06,2.26,6.9,3.8,2.45,1.88,5.1,3.4,80.0,20.0,20.0,60.0,50.0,60.0,5.2,5.2,50.0,30.0,50.0,60.0,70.0,70.0,3.9,3.9,100.0,90.0
TURQUIA - SUPER LIG,2023-11-08,14:00,RODADA 4,Samsunspor,Istanbulspor,,,1.65,3.8,4.33,1.73,2.08,1.73,2.0,1.0,1.33,,,0.5,1.41,0.33,1.73,,,,55.33,0.0,0.57,0.57,,0.5,,,3.0,1.33,0.0,0.0,100.0,0.0,0.0,0.0,5.0,5.0,66.67,0.0,33.33,0.0,0.0,33.33,3.33,3.33,50.0,100.0
ITÁLIA - SERIE B,2023-11-08,14:30,RODADA 2,Lecco,Spezia,17.0,18.0,,,,,,,,2.67,2.5,,0.09,0.0,,0.5,1.15,,19.5,23.0,53.25,1.5,1.83,3.33,-2.0,0.67,,2.08,6.0,4.75,100.0,0.0,0.0,0.0,33.33,33.33,5.0,5.0,50.0,25.0,50.0,0.0,75.0,50.0,4.0,4.0,100.0,100.0
ITÁLIA - SERIE B,2023-11-08,14:30,RODADA 2,Palermo,Brescia,5.0,13.0,1.67,3.7,5.0,1.9,1.9,1.91,1.91,2.0,1.0,0.12,,1.75,0.86,3.0,0.0,45.33,36.5,53.0,,0.0,1.22,1.22,2.0,,2.83,3.75,6.25,5.0,75.0,0.0,25.0,50.0,75.0,50.0,6.5,6.5,50.0,0.0,50.0,100.0,0.0,0.0,4.5,4.5,100.0,100.0
ESCÓCIA - PREMIERSHIP,2023-11-08,16:45,RODADA 12,St. Mirren,Hibernian,3.0,8.0,2.55,3.3,2.7,2.05,1.8,1.8,1.95,1.5,2.75,0.24,0.04,1.75,0.86,1.25,1.01,24.33,59.75,45.0,51.67,1.37,1.62,2.99,5.0,1.33,3.17,2.25,3.5,4.0,100.0,25.0,0.0,50.0,75.0,50.0,3.75,3.75,50.0,0.0,50.0,25.0,75.0,75.0,3.75,3.75,100.0,100.0
BRASIL - SÉRIE A,2023-11-08,19:00,RODADA 33,América-MG,Coritiba,20.0,19.0,2.1,3.2,3.6,1.95,1.9,1.7,2.05,1.8,1.6,0.2,0.28,0.6,2.11,0.5,1.94,25.0,43.0,45.5,25.56,1.88,1.7,3.58,2.7,2.2,3.4,2.44,4.0,3.3,70.0,30.0,30.0,20.0,70.0,50.0,5.3,5.3,90.0,60.0,10.0,10.0,80.0,80.0,3.2,3.2,100.0,90.0
BRASIL - SÉRIE A,2023-11-08,19:00,RODADA 33,Internacional,Fluminense,13.0,8.0,1.67,3.6,5.0,2.05,1.75,1.95,1.8,2.2,2.6,0.24,0.16,1.9,0.76,0.4,2.42,36.38,55.0,43.0,40.11,2.16,1.06,3.22,2.6,-0.6,2.83,3.04,4.9,4.7,60.0,40.0,40.0,60.0,60.0,60.0,5.6,5.6,50.0,20.0,50.0,10.0,50.0,30.0,5.3,5.3,90.0,100.0
BRASIL - SÉRIE A,2023-11-08,20:00,RODADA 33,Athletico-PR,Fortaleza,7.0,9.0,2.1,3.25,3.6,2.15,1.67,1.95,1.8,1.6,1.2,0.2,0.28,2.3,0.5,1.1,1.25,33.1,43.0,30.67,43.14,1.79,1.34,3.13,3.3,0.1,2.63,3.33,5.56,4.0,100.0,50.0,0.0,70.0,60.0,60.0,6.2,6.2,60.0,20.0,40.0,30.0,30.0,40.0,3.5,3.5,100.0,90.0
BRASIL - SÉRIE A,2023-11-08,20:00,RODADA 33,São Paulo,Red Bull Bragantino,10.0,4.0,2.5,3.3,2.75,2.15,1.67,1.95,1.8,1.2,1.8,0.26,0.24,2.3,0.5,1.4,0.84,34.75,37.5,39.33,42.5,1.79,0.69,2.48,5.2,-1.7,3.04,2.62,6.7,4.56,80.0,40.0,20.0,70.0,80.0,60.0,5.9,5.9,70.0,50.0,30.0,30.0,30.0,60.0,6.7,6.7,80.0,100.0
EUA - MLS,2023-11-08,21:00,PLAYOFFS ,New England Revolution,Philadelphia Union,,,2.3,3.4,2.9,1.5,2.5,1.44,2.63,0.8,1.4,0.56,0.59,2.6,0.32,1.5,0.9,35.4,43.4,41.14,32.67,1.8,1.55,3.35,4.6,3.5,3.23,2.43,5.6,4.9,80.0,70.0,20.0,80.0,70.0,70.0,4.4,4.4,90.0,50.0,10.0,40.0,90.0,90.0,4.6,4.6,100.0,100.0
BRASIL - SÉRIE A,2023-11-08,21:30,RODADA 33,Flamengo,Palmeiras,6.0,2.0,2.25,3.25,3.2,2.05,1.8,1.8,1.95,1.2,0.6,0.24,1.36,1.6,0.79,1.6,0.79,59.25,30.33,37.4,43.5,1.0,1.0,2.0,1.9,2.5,3.52,2.6,5.1,4.38,60.0,20.0,40.0,40.0,40.0,40.0,6.5,6.5,70.0,20.0,30.0,40.0,20.0,20.0,5.5,5.5,90.0,80.0
COLÔMBIA - PRIMEIRA A,2023-11-08,21:30,ENCERRAMENTO ,América de Cali,Bucaramanga,2.0,13.0,1.44,4.5,6.0,1.75,2.05,1.91,1.8,1.8,0.8,0.12,0.32,2.8,0.23,1.0,1.41,40.2,20.0,69.25,44.33,1.77,0.49,2.26,6.8,2.9,3.23,1.83,6.2,3.8,70.0,30.0,30.0,90.0,40.0,40.0,4.9,4.9,60.0,30.0,40.0,30.0,50.0,30.0,3.9,3.9,100.0,90.0
COLÔMBIA - PRIMEIRA A,2023-11-08,21:30,ENCERRAMENTO ,Atl. Nacional,Tolima,5.0,4.0,1.91,3.3,3.8,2.05,1.75,1.83,1.83,1.0,0.2,0.46,0.88,2.2,0.47,1.3,0.96,37.75,42.6,33.75,28.5,1.13,0.49,1.62,4.2,2.3,4.85,3.9,5.9,3.2,70.0,20.0,30.0,60.0,20.0,40.0,4.0,4.0,80.0,10.0,20.0,30.0,10.0,30.0,4.0,4.0,80.0,80.0
COLÔMBIA - PRIMEIRA A,2023-11-08,21:30,ENCERRAMENTO ,Jaguares de Cordoba,Aguilas,19.0,1.0,3.4,3.1,2.1,2.25,1.62,2.0,1.73,0.6,1.2,0.29,0.28,1.5,0.9,1.0,0.82,34.33,44.12,53.5,34.86,1.39,0.98,2.37,1.6,2.3,2.83,2.75,3.9,3.9,50.0,20.0,50.0,40.0,20.0,30.0,4.7,4.7,60.0,50.0,40.0,10.0,30.0,70.0,3.5,3.5,90.0,80.0
COLÔMBIA - PRIMEIRA A,2023-11-08,21:30,ENCERRAMENTO ,La Equidad,Millonarios,12.0,6.0,2.6,3.0,2.63,2.35,1.57,2.0,1.73,0.6,0.8,0.81,0.3,1.3,0.73,1.2,1.1,28.17,34.2,45.67,36.0,1.3,0.8,2.1,5.5,0.5,3.5,2.33,5.4,2.6,70.0,50.0,30.0,20.0,20.0,50.0,7.7,7.7,90.0,20.0,10.0,30.0,30.0,50.0,3.6,3.6,70.0,90.0
COLÔMBIA - PRIMEIRA A,2023-11-08,21:30,ENCERRAMENTO ,U. Magdalena,Ind. Medellín,14.0,3.0,2.88,3.1,2.4,2.05,1.75,1.8,1.91,2.2,1.0,0.2,0.37,1.4,0.84,1.4,0.84,40.3,43.62,54.44,52.62,1.33,0.98,2.31,2.1,0.3,2.87,3.67,4.5,4.4,70.0,50.0,30.0,30.0,60.0,90.0,5.9,5.9,60.0,20.0,40.0,30.0,40.0,70.0,4.4,4.4,100.0,90.0
MÉXICO - LIGA MX,2023-11-08,23:00,ABERTURA ,Monterrey,Santos Laguna,3.0,14.0,1.67,3.8,4.33,1.67,2.15,1.67,2.1,1.2,1.8,0.28,0.29,2.5,0.49,0.8,1.63,28.67,21.6,49.0,15.4,2.48,1.48,3.96,6.0,1.0,2.39,3.53,4.83,6.4,100.0,66.67,0.0,83.33,83.33,66.67,5.67,5.67,100.0,80.0,0.0,20.0,100.0,100.0,5.6,5.6,100.0,100.0
ARÁBIA SAUDITA - LIGA PROFISSIONAL SAUDITA,2023-11-09,12:00,RODADA 13,Al-Khaleej,Al-Taee,,,2.05,3.45,3.4,1.98,1.83,1.78,1.93,1.0,1.6,0.19,0.31,0.6,0.91,0.2,2.24,49.25,11.0,29.25,32.4,1.39,1.13,2.52,1.5,-0.75,3.75,4.0,3.2,3.8,80.0,60.0,20.0,0.0,40.0,80.0,4.0,4.0,60.0,60.0,40.0,0.0,40.0,40.0,4.2,4.2,80.0,100.0
ARÁBIA SAUDITA - LIGA PROFISSIONAL SAUDITA,2023-11-09,12:00,RODADA 13,Al-Raed,Al-Shabab,18.0,10.0,3.75,3.85,1.85,1.6,2.37,1.53,2.35,2.2,2.0,0.13,0.07,0.6,2.24,0.8,1.63,58.67,67.75,43.25,41.75,1.48,1.55,3.03,1.0,0.0,3.11,3.88,3.0,3.8,80.0,40.0,20.0,20.0,100.0,40.0,3.2,3.2,60.0,40.0,40.0,20.0,80.0,60.0,5.8,5.8,100.0,100.0
ARÁBIA SAUDITA - LIGA PROFISSIONAL SAUDITA,2023-11-09,15:00,RODADA 13,Al-Riyadh,Al-Fateh,,5.0,4.1,4.0,1.75,1.57,2.4,1.55,2.3,1.4,1.4,0.24,0.36,1.4,1.08,2.4,0.56,37.75,37.8,41.67,55.2,1.1,1.62,2.72,1.0,4.25,2.75,1.93,2.8,4.2,80.0,0.0,20.0,40.0,40.0,40.0,3.2,3.2,80.0,80.0,20.0,80.0,100.0,100.0,3.0,3.0,100.0,100.0
ARÁBIA SAUDITA - LIGA PROFISSIONAL SAUDITA,2023-11-09,15:00,RODADA 13,Damac,Al-Ahli,11.0,4.0,5.0,4.3,1.57,1.52,2.55,1.57,2.25,2.0,2.25,0.18,0.0,2.0,0.58,1.5,1.15,46.25,19.0,34.67,27.67,2.37,1.41,3.78,3.67,4.0,2.5,3.83,4.75,6.0,75.0,50.0,25.0,50.0,50.0,75.0,6.25,6.25,100.0,75.0,0.0,50.0,75.0,75.0,4.75,4.75,100.0,100.0
BRASIL - SÉRIE A,2023-11-09,19:00,RODADA 33,Corinthians,Atlético-MG,12.0,5.0,3.2,3.2,2.3,2.4,1.53,2.05,1.7,1.8,1.0,0.21,0.38,2.0,0.53,1.5,0.9,60.1,34.83,47.38,35.5,1.26,0.69,1.95,6.8,2.2,3.98,3.12,6.2,4.6,50.0,20.0,50.0,50.0,40.0,80.0,5.4,5.4,70.0,20.0,30.0,40.0,40.0,40.0,5.3,5.3,100.0,80.0
BRASIL - SÉRIE A,2023-11-09,19:00,RODADA 33,Goiás,Santos,18.0,15.0,2.38,3.1,3.1,2.3,1.6,1.95,1.8,1.0,2.0,0.81,0.22,1.4,0.84,0.7,1.79,47.14,68.0,25.14,38.5,1.91,0.6,2.51,5.6,-1.0,2.87,2.75,4.6,2.6,70.0,50.0,30.0,30.0,50.0,60.0,5.1,5.1,60.0,20.0,40.0,20.0,40.0,30.0,4.6,4.6,80.0,90.0
AUSTRÁLIA - A-LEAGUE,2023-11-10,05:45,RODADA 4,Melbourne Victory,Wellington Phoenix,2.0,3.0,1.73,3.8,4.2,1.6,2.3,1.57,2.25,,,,,,,,,,,,,,,,,,,,,,50.0,0.0,50.0,50.0,50.0,50.0,,,66.67,16.67,33.33,50.0,50.0,50.0,,,100.0,100.0
ARÁBIA SAUDITA - LIGA PROFISSIONAL SAUDITA,2023-11-10,12:00,RODADA 13,Al-Hilal,Al-Taawon,1.0,3.0,1.28,5.8,8.75,1.38,2.92,1.7,2.02,1.4,0.6,0.33,0.24,2.6,0.34,1.6,0.84,21.0,38.4,54.33,21.0,1.61,0.92,2.53,7.5,4.25,4.13,4.5,7.4,5.6,100.0,80.0,0.0,80.0,40.0,60.0,6.4,6.4,100.0,60.0,0.0,40.0,20.0,60.0,6.2,6.2,100.0,100.0
TURQUIA - SUPER LIG,2023-11-10,14:00,RODADA 12,Ankaragucu,Antalyaspor,12.0,8.0,2.38,3.25,2.8,1.93,1.93,1.67,2.1,1.0,1.0,0.47,0.12,1.25,1.01,0.25,2.0,31.33,20.5,38.0,40.25,1.37,0.75,2.12,2.33,1.0,2.89,3.5,4.0,3.5,50.0,50.0,50.0,25.0,25.0,50.0,3.0,3.0,75.0,50.0,25.0,0.0,25.0,50.0,5.5,5.5,100.0,100.0
TURQUIA - SUPER LIG,2023-11-10,14:00,RODADA 12,Trabzonspor,Konyaspor,4.0,15.0,1.7,3.6,4.5,1.83,2.03,1.73,2.0,1.25,1.25,0.09,0.09,2.25,0.67,1.25,1.01,37.5,43.25,,37.33,1.48,0.87,2.35,5.0,2.33,3.29,3.5,5.0,3.5,75.0,50.0,25.0,75.0,50.0,25.0,6.0,6.0,50.0,50.0,50.0,25.0,25.0,75.0,3.25,3.25,100.0,100.0
ALEMANHA - 2. BUNDESLIGA,2023-11-10,14:30,RODADA 13,Schalke,Elversberg,15.0,10.0,1.91,3.8,3.4,1.53,2.4,1.53,2.38,2.25,1.6,0.21,0.33,1.5,1.15,1.6,0.84,44.33,47.6,24.0,35.67,1.55,1.67,3.22,4.0,5.75,3.64,3.5,6.75,5.8,100.0,25.0,0.0,50.0,75.0,50.0,7.75,7.75,80.0,20.0,20.0,40.0,40.0,60.0,3.8,3.8,100.0,100.0
ALEMANHA - 2. BUNDESLIGA,2023-11-10,14:30,RODADA 13,St. Pauli,Hannover,1.0,3.0,1.6,4.0,5.0,1.57,2.35,1.62,2.2,1.8,1.8,0.1,0.0,2.2,0.5,1.6,0.84,9.67,14.0,34.33,55.6,2.04,1.04,3.08,6.5,3.75,1.82,2.33,7.8,3.8,60.0,60.0,40.0,60.0,60.0,60.0,6.0,6.0,100.0,60.0,0.0,40.0,80.0,100.0,3.6,3.6,60.0,100.0
ITÁLIA - SERIE A,2023-11-10,14:30,RODADA 12,Sassuolo,Salernitana,14.0,20.0,1.7,4.0,4.33,1.6,2.3,1.62,2.2,1.8,1.0,0.16,0.24,1.2,1.37,0.25,2.0,11.5,,50.8,16.5,1.67,0.89,2.56,0.75,1.33,2.04,,5.2,3.25,60.0,40.0,40.0,40.0,40.0,40.0,7.0,7.0,100.0,50.0,0.0,0.0,50.0,25.0,3.75,3.75,100.0,100.0
ARÁBIA SAUDITA - LIGA PROFISSIONAL SAUDITA,2023-11-10,15:00,RODADA 13,Al-Ittihad,Abha,6.0,12.0,1.22,6.0,12.0,1.44,2.67,1.93,1.78,1.25,1.75,0.09,0.27,1.5,1.15,0.25,2.0,36.0,45.5,27.0,28.75,2.19,1.06,3.25,6.0,-2.67,3.0,4.0,6.25,4.5,75.0,50.0,25.0,50.0,50.0,50.0,5.25,5.25,75.0,75.0,25.0,0.0,75.0,50.0,3.0,3.0,100.0,100.0
PORTUGAL - LIGA PORTUGAL 2,2023-11-10,15:00,RODADA 10,Feirense,CF Os Belenenses,14.0,17.0,2.13,3.34,3.29,2.01,1.75,1.81,1.95,1.33,1.33,,,2.0,0.87,1.33,1.15,81.5,70.5,,30.5,1.0,0.82,1.82,1.5,2.0,2.5,3.5,3.0,5.67,33.33,0.0,66.67,66.67,0.0,0.0,6.0,6.0,66.67,0.0,33.33,33.33,33.33,33.33,6.0,6.0,100.0,100.0
ALEMANHA - 3. LIGA,2023-11-10,15:00,RODADA 15,Viktoria Koln,Dresden,8.0,1.0,3.1,3.4,2.15,1.75,2.05,1.6,2.22,1.6,0.6,0.26,0.35,2.0,0.55,1.67,0.9,40.0,45.0,60.67,23.67,0.98,0.85,1.83,3.8,2.4,2.7,5.04,4.5,5.17,33.33,16.67,66.67,50.0,33.33,50.0,4.5,4.5,66.67,16.67,33.33,50.0,33.33,33.33,7.0,7.0,83.33,83.33
PAÍSES BAIXOS - EREDIVISIE,2023-11-10,16:00,RODADA 12,Sittard,Heracles,14.0,10.0,1.62,4.0,5.0,1.57,2.35,1.62,2.2,1.25,2.5,0.38,0.14,1.75,0.86,0.5,1.15,33.5,49.67,29.67,35.5,1.85,1.12,2.97,6.33,1.33,3.58,2.17,5.5,4.25,75.0,25.0,25.0,50.0,75.0,50.0,6.5,6.5,75.0,50.0,25.0,0.0,75.0,75.0,4.0,4.0,75.0,100.0
ALEMANHA - BUNDESLIGA,2023-11-10,16:30,RODADA 11,Monchengladbach,Wolfsburg,11.0,9.0,2.45,3.6,2.7,1.53,2.5,1.44,2.63,1.5,2.25,0.16,0.16,0.25,2.0,0.75,2.0,26.0,44.0,43.75,58.75,1.22,1.41,2.63,-0.67,1.0,3.75,5.0,3.75,5.0,75.0,50.0,25.0,0.0,75.0,50.0,6.75,6.75,50.0,25.0,50.0,25.0,75.0,75.0,3.25,3.25,100.0,100.0
ITÁLIA - SERIE B,2023-11-10,16:30,RODADA 13,Venezia,Catanzaro,2.0,4.0,1.95,3.4,4.0,1.93,1.93,1.75,2.0,2.0,1.4,0.25,0.55,2.0,0.71,2.2,0.5,43.0,35.0,33.67,42.0,1.47,1.47,2.94,2.5,3.5,2.33,3.0,3.8,4.8,60.0,40.0,40.0,60.0,60.0,60.0,6.6,6.6,80.0,40.0,20.0,60.0,60.0,60.0,3.6,3.6,100.0,80.0
ESPANHA - LALIGA2,2023-11-10,16:30,RODADA 15,Leganés,Levante,1.0,6.0,2.12,3.15,3.8,2.47,1.6,2.05,1.72,1.6,0.8,0.3,0.25,2.17,0.61,1.83,0.72,28.25,27.75,59.5,62.5,1.2,0.57,1.77,7.0,3.2,2.04,3.25,5.0,3.5,83.33,16.67,16.67,66.67,33.33,16.67,2.17,2.17,66.67,0.0,33.33,50.0,0.0,16.67,5.33,5.33,83.33,83.33
ITÁLIA - SERIE A,2023-11-10,16:45,RODADA 12,Genoa,Verona,15.0,18.0,1.85,3.4,4.33,2.25,1.62,2.0,1.75,1.5,1.2,0.0,0.08,1.0,1.41,0.8,1.63,44.33,73.67,56.0,21.33,1.1,1.02,2.12,-0.67,3.0,2.5,3.67,2.5,3.0,75.0,25.0,25.0,25.0,50.0,50.0,4.0,4.0,60.0,0.0,40.0,20.0,40.0,40.0,2.6,2.6,100.0,80.0
BÉLGICA - LIGA JUPILER,2023-11-10,16:45,RODADA 14,Westerlo,St. Truiden,15.0,9.0,2.57,3.55,2.62,1.72,2.22,1.55,2.35,1.4,1.6,0.36,0.16,0.6,2.24,1.2,0.91,24.0,54.0,40.0,43.0,1.13,1.41,2.54,-2.25,1.5,3.67,3.38,3.6,3.6,100.0,40.0,0.0,20.0,60.0,40.0,3.6,3.6,40.0,40.0,60.0,20.0,40.0,60.0,6.4,6.4,100.0,100.0
FRANÇA - LIGUE 1,2023-11-10,17:00,RODADA 12,Montpellier,Nice,13.0,3.0,3.2,3.2,2.25,2.05,1.85,1.75,2.0,1.5,1.5,0.39,0.08,1.25,1.01,2.5,0.4,39.67,47.25,13.0,53.0,1.15,1.62,2.77,1.67,4.33,2.25,5.42,4.25,6.75,75.0,50.0,25.0,25.0,75.0,75.0,4.0,4.0,50.0,25.0,50.0,75.0,25.0,50.0,4.5,4.5,75.0,100.0
ESPANHA - LALIGA,2023-11-10,17:00,RODADA 13,Ath. Bilbao,Celta de Vigo,5.0,18.0,1.55,4.0,6.5,2.03,1.87,2.0,1.75,1.8,2.75,0.19,0.17,2.0,0.71,1.0,1.41,28.0,50.0,27.0,60.25,2.19,1.45,3.64,6.25,1.33,2.38,3.79,5.8,6.0,80.0,40.0,20.0,60.0,80.0,40.0,5.6,5.6,75.0,25.0,25.0,25.0,75.0,100.0,5.0,5.0,100.0,100.0
INGLATERRA - CHAMPIONSHIP,2023-11-10,17:00,RODADA 16,Blackburn,Preston,10.0,6.0,1.91,3.5,4.0,1.83,2.03,1.67,2.1,1.6,1.6,0.13,0.13,1.5,1.1,1.33,1.02,37.0,51.6,43.6,40.0,1.59,1.18,2.77,1.2,3.4,3.58,1.9,4.67,2.17,66.67,50.0,33.33,50.0,83.33,83.33,5.0,5.0,33.33,33.33,66.67,33.33,33.33,50.0,3.67,3.67,100.0,100.0
PORTUGAL - LIGA PORTUGAL,2023-11-10,17:15,RODADA 11,Estoril,Casa Pia,16.0,12.0,2.45,3.25,3.0,2.18,1.75,1.83,1.91,1.0,1.5,,0.16,1.0,1.73,1.75,0.86,44.5,46.0,47.0,54.0,0.87,1.12,1.99,1.0,4.0,3.0,3.78,4.0,4.25,33.33,33.33,66.67,33.33,33.33,33.33,6.0,6.0,50.0,0.0,50.0,50.0,25.0,25.0,5.5,5.5,100.0,100.0
BRASIL - SÉRIE B,2023-11-10,19:00,RODADA 36,Vila Nova,Londrina,9.0,19.0,,,,,,,,1.2,0.8,0.19,0.36,2.2,0.47,0.5,1.94,46.33,42.33,58.83,19.88,1.67,0.28,1.95,6.2,-1.5,4.61,3.0,5.7,2.6,60.0,40.0,40.0,60.0,30.0,60.0,6.4,6.4,70.0,40.0,30.0,10.0,50.0,20.0,5.3,5.3,90.0,90.0
BRASIL - SÉRIE B,2023-11-10,21:30,RODADA 36,Sport,Atlético-GO,4.0,3.0,1.85,3.55,4.22,2.08,1.74,1.92,1.84,2.0,1.6,0.13,0.32,2.2,0.6,1.4,1.02,37.1,50.43,30.67,48.29,1.98,0.8,2.78,3.0,1.5,2.47,2.07,5.5,2.9,100.0,50.0,0.0,70.0,90.0,60.0,6.6,6.6,60.0,30.0,40.0,40.0,40.0,40.0,4.8,4.8,100.0,100.0
MÉXICO - LIGA MX,2023-11-10,22:00,ABERTURA ,Atlas,Necaxa,16.0,18.0,1.91,3.5,3.6,1.8,2.05,1.67,2.1,0.6,2.4,0.29,0.05,1.4,1.08,0.71,1.56,19.0,14.67,15.0,41.0,1.55,1.26,2.81,0.5,1.33,4.33,1.5,4.4,2.43,80.0,40.0,20.0,40.0,20.0,20.0,7.0,7.0,85.71,28.57,14.29,14.29,57.14,42.86,3.43,3.43,80.0,85.71
MÉXICO - LIGA MX,2023-11-10,22:00,ABERTURA ,Mazatlan FC,Toluca,10.0,8.0,3.2,3.3,2.1,1.62,2.25,1.53,2.38,2.0,0.8,0.13,0.32,1.57,0.89,1.0,1.22,40.83,46.75,44.6,30.0,1.3,1.2,2.5,6.67,1.25,2.92,3.25,4.14,4.4,57.14,28.57,42.86,42.86,71.43,57.14,3.0,3.0,100.0,60.0,0.0,20.0,40.0,60.0,3.4,3.4,100.0,100.0
MÉXICO - LIGA MX,2023-11-11,00:00,ABERTURA ,Tijuana,Pachuca,7.0,12.0,2.3,3.4,2.8,1.67,2.15,1.57,2.25,1.8,1.2,0.16,0.18,2.29,0.55,1.14,1.18,33.14,46.0,42.83,32.25,2.08,0.63,2.71,4.17,3.17,2.66,3.83,5.71,3.71,100.0,71.43,0.0,71.43,71.43,85.71,6.86,6.86,71.43,28.57,28.57,28.57,42.86,14.29,3.86,3.86,100.0,85.71
EUA - MLS,2023-11-11,00:00,PLAYOFFS ,Seattle Sounders,FC Dallas,,,1.75,3.8,4.6,1.93,1.95,1.82,1.91,0.8,0.8,0.28,0.39,1.8,0.73,0.7,1.36,49.43,61.67,29.67,38.5,1.26,0.0,1.26,5.6,1.0,2.46,4.08,3.9,4.0,60.0,20.0,40.0,50.0,30.0,20.0,7.4,7.4,60.0,30.0,40.0,10.0,50.0,60.0,2.6,2.6,80.0,80.0
JAPÃO - LIGA J1,2023-11-11,02:00,RODADA 32,Albirex Niigata,Tokyo,10.0,11.0,2.3,3.4,3.1,1.98,1.88,1.75,2.0,1.4,0.2,0.4,2.47,1.5,0.9,1.0,1.15,46.29,31.5,23.5,27.43,1.47,1.18,2.65,1.3,2.9,2.81,3.58,4.6,3.2,90.0,50.0,10.0,40.0,50.0,60.0,5.0,5.0,70.0,50.0,30.0,20.0,30.0,50.0,3.4,3.4,90.0,80.0
JAPÃO - LIGA J1,2023-11-11,02:00,RODADA 32,Sapporo,Hiroshima,13.0,4.0,3.25,3.6,2.15,1.6,2.3,1.53,2.38,1.8,1.2,0.2,0.35,1.1,1.25,1.3,1.15,38.38,45.2,41.33,53.86,1.06,1.39,2.45,2.1,4.1,3.5,5.23,4.9,5.9,80.0,40.0,20.0,30.0,60.0,70.0,4.8,4.8,20.0,10.0,80.0,40.0,40.0,30.0,7.7,7.7,100.0,90.0
JAPÃO - LIGA J1,2023-11-11,02:00,RODADA 32,Shonan,Nagoya,17.0,5.0,3.0,3.4,2.3,2.08,1.73,1.91,1.91,1.6,1.2,0.3,0.39,0.5,1.94,1.3,1.15,51.0,22.14,37.89,43.5,0.75,1.61,2.36,-1.4,3.2,2.88,3.21,4.1,3.3,40.0,30.0,60.0,10.0,30.0,30.0,6.9,6.9,90.0,20.0,10.0,40.0,40.0,50.0,5.1,5.1,100.0,100.0
JAPÃO - LIGA J1,2023-11-11,03:00,RODADA 32,G-Osaka,Fukuoka,14.0,8.0,2.4,3.3,3.0,2.1,1.7,1.91,1.91,0.8,1.8,0.5,0.24,1.2,1.1,0.8,1.54,35.62,49.5,42.5,27.75,1.33,1.5,2.83,3.5,-1.2,3.88,1.56,4.5,2.2,90.0,50.0,10.0,30.0,60.0,80.0,5.0,5.0,70.0,50.0,30.0,20.0,50.0,50.0,3.7,3.7,100.0,90.0
JAPÃO - LIGA J1,2023-11-11,03:00,RODADA 32,Kashima,Kashiwa,7.0,16.0,2.05,3.25,3.8,2.25,1.62,2.0,1.75,0.6,0.8,0.52,0.65,1.5,0.9,0.6,1.61,20.5,42.8,48.0,47.44,1.18,0.45,1.63,5.7,-0.1,3.56,4.08,3.7,3.12,80.0,40.0,20.0,40.0,40.0,50.0,4.0,4.0,60.0,40.0,40.0,10.0,30.0,50.0,5.1,5.1,80.0,90.0
JAPÃO - LIGA J1,2023-11-11,03:00,RODADA 32,Sagan Tosu,Yokohama FC,12.0,18.0,2.1,3.6,3.3,1.83,2.03,1.7,2.05,1.4,1.6,0.21,0.27,1.3,0.96,0.6,1.61,49.88,54.12,40.62,30.89,1.62,1.34,2.96,2.2,-0.4,2.31,4.69,2.8,4.7,70.0,20.0,30.0,30.0,30.0,60.0,4.8,4.8,70.0,50.0,30.0,10.0,50.0,70.0,5.5,5.5,100.0,100.0
AUSTRÁLIA - A-LEAGUE,2023-11-11,03:30,RODADA 4,WS Wanderers,Perth Glory,5.0,6.0,1.55,4.0,4.75,1.65,2.2,1.7,2.05,,,,,,,,,,,,,,,,,,,,,,,,,,,,,,50.0,0.0,50.0,0.0,10.0,30.0,,,,80.0
AUSTRÁLIA - A-LEAGUE,2023-11-11,05:45,RODADA 4,Adelaide United,Sydney FC,1.0,12.0,1.85,3.8,3.5,1.5,2.5,1.5,2.5,,,,,,,,,,,,,,,,,,,,,,,,,,,,,,,,,,,,,,,
TURQUIA - SUPER LIG,2023-11-11,07:30,RODADA 12,Kasimpasa,Kayserispor,,,2.2,3.5,2.8,1.62,2.25,1.53,2.38,2.0,2.0,0.23,0.06,1.4,1.08,0.5,1.15,55.25,52.33,43.8,57.5,1.57,1.28,2.85,4.5,0.67,3.54,2.67,4.4,2.25,100.0,40.0,0.0,40.0,60.0,80.0,5.6,5.6,25.0,25.0,75.0,0.0,50.0,75.0,3.5,3.5,100.0,100.0
PORTUGAL - LIGA PORTUGAL 2,2023-11-11,08:00,RODADA 10,Nacional,Leiria,2.0,7.0,2.58,3.38,2.53,1.88,1.88,1.68,2.13,1.0,1.5,,0.24,2.0,0.87,1.0,1.41,26.67,49.0,,44.5,1.71,1.0,2.71,2.5,7.33,2.47,3.8,4.33,4.75,66.67,66.67,33.33,66.67,66.67,33.33,6.0,6.0,50.0,50.0,50.0,25.0,75.0,25.0,5.5,5.5,100.0,75.0
ALEMANHA - 2. BUNDESLIGA,2023-11-11,09:00,RODADA 13,Braunschweig,Osnabruck,18.0,17.0,2.2,3.4,3.1,1.8,2.0,1.62,2.2,1.4,2.5,0.21,0.28,1.0,1.22,0.5,1.15,45.6,71.67,30.0,40.75,1.82,1.22,3.04,1.25,-5.33,3.7,4.0,4.2,3.67,80.0,60.0,20.0,20.0,60.0,80.0,6.4,6.4,50.0,50.0,50.0,0.0,50.0,75.0,4.0,4.0,100.0,100.0
ALEMANHA - 2. BUNDESLIGA,2023-11-11,09:00,RODADA 13,Kiel,Hamburger SV,5.0,2.0,3.1,3.8,2.05,1.48,2.6,1.44,2.63,2.2,1.6,0.09,0.25,1.4,1.08,1.0,1.22,45.8,64.0,34.8,30.0,1.59,1.55,3.14,-0.25,1.5,3.7,4.3,6.0,5.0,80.0,60.0,20.0,40.0,80.0,100.0,6.6,6.6,60.0,20.0,40.0,20.0,60.0,80.0,6.4,6.4,100.0,100.0
ALEMANHA - 2. BUNDESLIGA,2023-11-11,09:00,RODADA 13,Paderborn,Nurnberg,,,2.0,3.75,3.3,1.57,2.35,1.53,2.38,2.5,2.2,0.09,0.15,1.25,1.01,1.4,1.08,47.0,40.4,52.5,34.5,1.9,1.64,3.54,1.67,4.0,3.75,2.87,5.0,4.8,50.0,0.0,50.0,25.0,75.0,100.0,4.0,4.0,80.0,60.0,20.0,40.0,80.0,80.0,5.8,5.8,100.0,100.0
INGLATERRA - LEAGUE ONE (3ª DIVISÃO),2023-11-11,09:00,RODADA 17,Peterborough,Cambridge Utd,4.0,12.0,1.55,4.5,5.0,1.62,2.25,1.75,2.0,1.0,1.0,0.26,0.28,1.83,0.72,0.67,1.82,39.17,58.0,32.33,25.25,1.34,0.92,2.26,2.2,-0.4,2.97,2.0,5.83,2.5,66.67,50.0,33.33,50.0,50.0,50.0,8.5,8.5,66.67,16.67,33.33,16.67,33.33,33.33,4.67,4.67,100.0,83.33
INGLATERRA - PREMIER LEAGUE,2023-11-11,09:30,RODADA 12,Wolverhampton,Tottenham,14.0,2.0,4.75,4.0,1.7,1.6,2.3,1.62,2.2,2.5,1.6,0.14,0.29,0.5,1.15,2.2,0.5,39.25,27.6,36.75,18.67,1.22,2.45,3.67,-1.67,5.0,3.25,2.94,4.0,6.4,75.0,25.0,25.0,0.0,75.0,100.0,4.75,4.75,80.0,60.0,20.0,60.0,60.0,60.0,4.4,4.4,100.0,100.0
INGLATERRA - CHAMPIONSHIP,2023-11-11,09:30,RODADA 16,Sunderland,Birmingham,8.0,15.0,1.67,3.8,5.0,1.83,2.03,1.8,1.91,1.8,1.8,0.19,0.1,1.5,1.1,0.67,1.82,38.0,48.5,52.5,63.0,1.26,1.13,2.39,3.8,-0.2,2.45,3.62,5.0,4.17,66.67,33.33,33.33,50.0,66.67,33.33,5.67,5.67,50.0,16.67,50.0,16.67,33.33,50.0,2.67,2.67,100.0,100.0
ITÁLIA - SERIE B,2023-11-11,10:00,RODADA 13,Ascoli,Como,15.0,7.0,2.45,3.2,2.88,2.08,1.73,1.8,1.95,1.0,1.25,0.0,0.0,1.0,1.41,1.0,1.41,33.67,60.33,49.67,30.67,1.22,0.97,2.19,4.33,-1.67,3.5,5.67,3.5,5.0,75.0,25.0,25.0,25.0,25.0,50.0,6.25,6.25,75.0,25.0,25.0,25.0,50.0,50.0,4.25,4.25,100.0,100.0
ITÁLIA - SERIE B,2023-11-11,10:00,RODADA 13,Cosenza,Reggiana,10.0,12.0,2.2,3.25,3.3,2.15,1.67,1.95,1.8,2.25,1.4,0.0,0.55,1.75,0.86,1.6,0.84,24.0,37.0,63.5,46.33,1.34,1.18,2.52,6.33,4.25,2.79,2.5,5.75,4.0,75.0,25.0,25.0,50.0,100.0,50.0,5.0,5.0,60.0,20.0,40.0,40.0,60.0,40.0,3.2,3.2,100.0,80.0
ITÁLIA - SERIE B,2023-11-11,10:00,RODADA 13,FeralpiSalo,Bari,20.0,8.0,3.25,3.1,2.3,2.35,1.57,2.0,1.75,0.75,0.6,0.16,0.29,0.25,2.0,1.2,0.91,,52.25,24.75,12.0,0.45,1.18,1.63,-1.67,2.5,,2.5,2.25,2.2,75.0,50.0,25.0,0.0,25.0,25.0,5.0,5.0,80.0,20.0,20.0,20.0,20.0,60.0,4.6,4.6,100.0,80.0
ITÁLIA - SERIE B,2023-11-11,10:00,RODADA 13,Sudtirol,Pisa,9.0,14.0,2.63,3.0,2.88,2.4,1.53,2.0,1.75,1.5,0.6,0.24,0.21,1.25,1.01,1.6,0.84,42.5,40.5,31.67,,0.77,0.87,1.64,2.33,4.75,1.33,2.75,3.0,3.4,75.0,25.0,25.0,25.0,50.0,50.0,2.75,2.75,40.0,0.0,60.0,40.0,0.0,0.0,3.8,3.8,75.0,60.0
ESPANHA - LALIGA,2023-11-11,10:00,RODADA 13,Rayo Vallecano,Girona,9.0,1.0,2.7,3.5,2.5,1.75,2.05,1.62,2.2,1.75,1.5,0.47,0.31,1.25,1.01,2.5,0.4,30.0,42.25,19.33,37.67,1.12,2.24,3.36,-4.67,6.33,5.0,2.31,6.75,4.0,100.0,75.0,0.0,25.0,50.0,50.0,4.75,4.75,75.0,50.0,25.0,75.0,50.0,75.0,4.25,4.25,100.0,100.0
ALEMANHA - 3. LIGA,2023-11-11,10:00,RODADA 15,Bielefeld,Sandhausen,13.0,9.0,2.15,3.6,2.9,1.67,2.15,1.57,2.25,1.6,0.8,0.23,0.59,1.83,0.72,1.33,1.02,25.8,17.75,21.75,45.33,1.2,0.89,2.09,3.6,2.0,2.15,2.75,4.33,3.67,100.0,66.67,0.0,50.0,66.67,50.0,4.17,4.17,66.67,33.33,33.33,33.33,50.0,50.0,5.67,5.67,100.0,66.67
ALEMANHA - 3. LIGA,2023-11-11,10:00,RODADA 15,Duisburg,Ingolstadt,19.0,12.0,2.9,3.5,2.2,1.65,2.2,1.53,2.38,1.4,1.8,0.21,0.11,0.67,1.82,0.67,1.82,48.25,19.0,42.4,48.83,1.13,1.67,2.8,0.8,0.2,3.5,3.25,3.5,4.17,66.67,33.33,33.33,16.67,50.0,50.0,5.0,5.0,66.67,16.67,33.33,16.67,50.0,50.0,3.67,3.67,100.0,100.0
ALEMANHA - 3. LIGA,2023-11-11,10:00,RODADA 15,Saarbrucken,Munich 1860,15.0,14.0,1.75,4.0,3.8,1.67,2.15,1.67,2.1,1.8,1.6,0.24,0.14,1.6,0.84,1.17,1.26,47.4,33.0,37.25,39.5,1.47,1.4,2.87,4.75,3.4,4.7,2.58,6.0,4.17,80.0,40.0,20.0,40.0,40.0,80.0,8.6,8.6,83.33,16.67,16.67,33.33,50.0,33.33,4.67,4.67,100.0,100.0
ALEMANHA - 3. LIGA,2023-11-11,10:00,RODADA 15,Unterhaching,Aue,6.0,7.0,2.3,3.5,2.75,1.73,2.08,1.62,2.2,1.2,2.0,0.18,0.18,1.83,0.72,1.0,1.1,37.5,67.0,39.67,34.0,1.55,1.0,2.55,2.6,1.0,2.06,2.3,4.83,3.5,66.67,33.33,33.33,50.0,66.67,50.0,5.0,5.0,50.0,33.33,50.0,16.67,66.67,83.33,4.5,4.5,66.67,100.0
ALEMANHA - 3. LIGA,2023-11-11,10:00,RODADA 15,Verl,Hallescher,5.0,16.0,1.75,3.7,4.0,1.62,2.25,1.55,2.3,1.6,2.2,0.18,0.09,1.33,1.02,0.6,2.24,24.2,15.5,25.8,27.2,2.48,1.67,4.15,2.0,1.0,3.33,3.75,5.67,4.4,83.33,66.67,16.67,33.33,83.33,83.33,3.5,3.5,100.0,60.0,0.0,20.0,100.0,80.0,5.6,5.6,83.33,100.0
TURQUIA - SUPER LIG,2023-11-11,10:00,RODADA 12,Alanyaspor,Gaziantep,14.0,18.0,2.0,3.5,3.4,1.67,2.15,1.57,2.25,1.2,0.8,0.24,0.47,1.6,0.84,0.6,2.24,27.0,24.0,59.33,34.2,1.59,0.77,2.36,1.75,0.0,1.83,1.25,3.8,2.6,80.0,20.0,20.0,40.0,40.0,40.0,5.0,5.0,80.0,60.0,20.0,20.0,40.0,40.0,3.8,3.8,80.0,100.0
TURQUIA - SUPER LIG,2023-11-11,10:00,RODADA 12,Karagumruk,Sivasspor,13.0,10.0,2.4,3.3,2.7,1.85,1.95,1.67,2.1,1.0,1.5,0.19,0.0,1.0,1.22,1.75,0.86,46.33,7.67,48.33,44.5,1.22,1.32,2.54,5.0,5.0,2.5,2.78,3.0,4.5,40.0,20.0,60.0,20.0,20.0,40.0,4.6,4.6,100.0,75.0,0.0,50.0,50.0,75.0,3.5,3.5,80.0,100.0
ITÁLIA - SERIE A,2023-11-11,11:00,RODADA 12,Lecce,AC Milan,11.0,3.0,4.0,3.4,1.91,2.1,1.7,1.95,1.8,1.0,1.6,0.17,0.27,2.0,0.71,2.4,0.56,55.5,40.8,29.67,41.33,1.3,1.04,2.34,4.5,6.25,3.38,2.4,5.2,4.2,80.0,0.0,20.0,60.0,20.0,40.0,4.6,4.6,80.0,60.0,20.0,80.0,60.0,60.0,3.6,3.6,100.0,100.0
PORTUGAL - LIGA PORTUGAL 2,2023-11-11,11:00,RODADA 10,Penafiel,FC Porto B,15.0,5.0,2.65,3.35,2.48,1.92,1.83,1.71,2.08,1.0,1.67,,,1.33,1.15,1.33,1.15,15.5,51.0,,42.33,1.33,1.49,2.82,-0.5,2.5,4.0,4.11,4.0,5.67,66.67,33.33,33.33,33.33,66.67,33.33,5.0,5.0,66.67,33.33,33.33,33.33,66.67,100.0,6.67,6.67,66.67,100.0
ALEMANHA - BUNDESLIGA,2023-11-11,11:30,RODADA 11,Augsburg,Hoffenheim,10.0,6.0,2.55,3.5,2.6,1.57,2.38,1.44,2.63,1.75,2.0,0.07,0.24,1.25,1.01,3.0,0.0,41.25,27.0,29.0,34.67,1.68,2.49,4.17,2.67,8.0,2.0,1.75,4.25,4.75,75.0,75.0,25.0,25.0,100.0,100.0,4.5,4.5,100.0,75.0,0.0,100.0,75.0,75.0,5.0,5.0,100.0,100.0
ALEMANHA - BUNDESLIGA,2023-11-11,11:30,RODADA 11,Bayern,Heidenheim,2.0,13.0,1.06,15.0,19.0,1.17,5.0,2.0,1.75,2.0,1.75,0.18,0.2,2.5,0.4,0.25,2.0,13.75,59.5,55.0,15.25,3.06,0.75,3.81,12.33,-1.67,2.61,2.0,9.0,2.5,100.0,100.0,0.0,75.0,100.0,50.0,8.0,8.0,100.0,50.0,0.0,0.0,50.0,50.0,5.25,5.25,100.0,100.0
ALEMANHA - BUNDESLIGA,2023-11-11,11:30,RODADA 11,Darmstadt,Mainz,15.0,17.0,2.8,3.5,2.38,1.67,2.2,1.53,2.38,2.25,2.0,0.05,0.06,1.0,1.41,0.25,2.0,22.0,31.33,38.0,10.25,2.6,1.58,4.18,1.33,-2.67,2.73,3.17,5.0,4.0,100.0,100.0,0.0,25.0,100.0,100.0,6.25,6.25,100.0,75.0,0.0,0.0,100.0,75.0,3.75,3.75,100.0,100.0
ALEMANHA - BUNDESLIGA,2023-11-11,11:30,RODADA 11,Stuttgart,Dortmund,3.0,4.0,2.6,3.75,2.45,1.44,2.75,1.4,2.75,2.25,1.67,0.05,,3.0,0.0,2.33,0.49,28.75,28.33,25.5,27.67,2.31,1.16,3.47,11.0,5.0,2.25,2.06,8.25,4.67,100.0,75.0,0.0,100.0,100.0,50.0,4.75,4.75,100.0,66.67,0.0,66.67,66.67,100.0,5.0,5.0,100.0,100.0
ARÁBIA SAUDITA - LIGA PROFISSIONAL SAUDITA,2023-11-11,12:00,RODADA 13,Al-Akhdoud,Al-Hazem,,,2.55,3.35,2.62,1.93,1.88,1.7,2.02,1.2,2.2,0.11,0.16,0.0,,0.4,1.37,34.0,65.5,41.4,23.25,1.02,1.41,2.43,-1.0,1.25,4.0,3.38,3.4,3.4,60.0,40.0,40.0,0.0,60.0,40.0,5.4,5.4,80.0,60.0,20.0,0.0,80.0,80.0,3.4,3.4,100.0,80.0
ARÁBIA SAUDITA - LIGA PROFISSIONAL SAUDITA,2023-11-11,12:00,RODADA 13,Al-Feiha,Al-Ettifaq,,7.0,3.05,3.35,2.25,1.95,1.85,1.72,2.0,1.4,1.6,0.1,0.4,1.0,1.22,1.8,0.91,39.5,31.0,63.0,42.25,0.98,1.26,2.24,1.25,2.5,3.5,1.72,3.0,4.0,20.0,20.0,80.0,20.0,40.0,40.0,4.4,4.4,80.0,40.0,20.0,60.0,40.0,40.0,3.4,3.4,60.0,100.0
INGLATERRA - PREMIER LEAGUE,2023-11-11,12:00,RODADA 12,Arsenal,Burnley,4.0,19.0,1.17,7.0,19.0,1.44,2.7,2.1,1.67,1.8,1.5,0.05,0.08,2.2,0.5,1.0,1.41,47.2,32.33,38.0,48.0,1.87,1.1,2.97,3.5,-0.67,3.13,2.67,6.2,2.75,80.0,60.0,20.0,60.0,80.0,80.0,8.8,8.8,100.0,25.0,0.0,25.0,75.0,75.0,5.0,5.0,100.0,100.0
INGLATERRA - PREMIER LEAGUE,2023-11-11,12:00,RODADA 12,Crystal Palace,Everton,10.0,16.0,2.4,3.3,3.0,2.2,1.65,1.95,1.8,1.5,1.75,0.24,0.07,1.25,1.01,1.0,1.41,,10.0,59.0,38.5,1.3,0.97,2.27,1.33,0.33,,2.5,4.5,3.75,0.0,0.0,100.0,25.0,25.0,25.0,2.75,2.75,75.0,75.0,25.0,25.0,75.0,50.0,5.0,5.0,50.0,100.0
INGLATERRA - PREMIER LEAGUE,2023-11-11,12:00,RODADA 12,Manchester Utd,Luton,8.0,17.0,1.3,5.5,10.0,1.5,2.5,1.91,1.91,2.0,2.8,0.14,0.09,1.8,0.91,0.2,2.24,64.0,82.33,18.5,36.6,1.91,1.2,3.11,4.25,-2.75,3.5,2.0,5.4,2.2,80.0,20.0,20.0,60.0,80.0,60.0,8.2,8.2,60.0,0.0,40.0,0.0,80.0,60.0,3.8,3.8,100.0,100.0
BÉLGICA - LIGA JUPILER,2023-11-11,12:00,RODADA 14,Antwerp,St. Liege,6.0,8.0,1.7,4.05,4.75,1.72,2.22,1.7,2.07,1.0,1.2,0.47,0.11,2.0,0.58,1.0,1.22,12.0,53.75,,62.2,1.87,0.55,2.42,3.33,-0.75,2.25,4.25,7.0,4.8,50.0,50.0,50.0,50.0,50.0,25.0,6.75,6.75,80.0,40.0,20.0,20.0,40.0,80.0,4.8,4.8,50.0,100.0
INGLATERRA - CHAMPIONSHIP,2023-11-11,12:00,RODADA 16,Cardiff,Norwich,7.0,17.0,2.15,3.4,3.2,1.8,2.05,1.62,2.2,2.2,2.2,0.14,0.22,2.17,0.61,0.83,1.4,44.0,33.83,49.75,29.0,2.28,1.55,3.83,6.0,-0.6,3.06,3.12,5.0,4.83,66.67,16.67,33.33,66.67,50.0,66.67,4.83,4.83,100.0,83.33,0.0,16.67,83.33,83.33,4.33,4.33,100.0,100.0
INGLATERRA - CHAMPIONSHIP,2023-11-11,12:00,RODADA 16,Coventry,Stoke,20.0,13.0,2.2,3.4,3.1,2.03,1.83,1.8,1.91,1.0,0.6,0.3,0.27,1.67,0.62,0.67,1.82,50.4,20.5,55.33,32.0,1.2,0.57,1.77,2.8,1.2,2.47,2.0,4.33,2.5,66.67,16.67,33.33,33.33,33.33,50.0,7.5,7.5,100.0,33.33,0.0,16.67,16.67,16.67,4.83,4.83,83.33,100.0
INGLATERRA - CHAMPIONSHIP,2023-11-11,12:00,RODADA 16,Hull,Huddersfield,9.0,21.0,1.7,3.6,5.25,1.83,2.03,1.73,2.0,0.8,1.6,0.63,0.24,1.5,0.82,1.0,1.1,48.4,61.0,36.25,29.8,1.2,0.8,2.0,3.2,2.0,3.95,3.4,4.33,3.33,66.67,33.33,33.33,33.33,33.33,66.67,6.0,6.0,66.67,33.33,33.33,16.67,50.0,83.33,6.67,6.67,83.33,83.33
INGLATERRA - CHAMPIONSHIP,2023-11-11,12:00,RODADA 16,Ipswich,Swansea,2.0,14.0,1.62,4.0,5.0,1.67,2.15,1.73,2.0,1.8,1.8,0.12,0.28,2.5,0.49,1.17,1.26,19.33,39.6,19.0,52.8,2.26,1.34,3.6,5.0,1.8,2.69,2.3,8.17,3.17,100.0,66.67,0.0,83.33,83.33,66.67,7.33,7.33,83.33,0.0,16.67,33.33,50.0,66.67,5.33,5.33,100.0,100.0
INGLATERRA - CHAMPIONSHIP,2023-11-11,12:00,RODADA 16,Leeds,Plymouth,3.0,19.0,1.29,5.25,10.0,1.4,2.88,1.73,2.0,1.6,1.4,0.27,0.1,2.0,0.55,0.33,1.55,46.8,38.5,40.0,14.25,1.99,0.89,2.88,3.8,0.4,3.63,4.0,5.67,4.33,50.0,33.33,50.0,50.0,50.0,50.0,7.17,7.17,66.67,50.0,33.33,0.0,66.67,66.67,6.0,6.0,83.33,66.67
INGLATERRA - CHAMPIONSHIP,2023-11-11,12:00,RODADA 16,Middlesbrough,Leicester,12.0,1.0,3.0,3.4,2.4,1.73,2.08,1.57,2.25,1.4,1.4,0.06,0.08,1.67,0.9,3.0,0.0,62.5,29.83,46.5,26.75,0.85,1.2,2.05,5.4,7.0,5.12,2.82,6.0,6.17,33.33,16.67,66.67,50.0,16.67,33.33,7.5,7.5,83.33,50.0,16.67,100.0,66.67,66.67,3.5,3.5,100.0,100.0
INGLATERRA - CHAMPIONSHIP,2023-11-11,12:00,RODADA 16,QPR,Bristol City,23.0,11.0,2.75,3.2,2.55,2.03,1.83,1.73,2.0,1.4,1.4,0.18,0.28,0.2,2.24,1.67,0.9,47.33,65.2,35.2,43.4,0.77,1.48,2.25,0.25,2.8,2.67,1.9,2.4,2.17,80.0,60.0,20.0,0.0,60.0,60.0,4.0,4.0,50.0,16.67,50.0,50.0,50.0,66.67,4.67,4.67,100.0,100.0
INGLATERRA - LEAGUE TWO (4ª DIVISÃO),2023-11-11,12:00,RODADA 17,Bradford City,Barrow,16.0,8.0,2.05,3.3,3.6,2.2,1.65,1.91,1.8,1.2,1.2,0.16,0.17,2.0,0.55,1.12,1.11,67.0,60.83,49.5,46.57,1.2,0.8,2.0,3.8,0.29,3.92,4.08,4.83,4.5,50.0,16.67,50.0,50.0,16.67,66.67,5.83,5.83,75.0,12.5,25.0,25.0,37.5,62.5,6.25,6.25,100.0,100.0
INGLATERRA - LEAGUE TWO (4ª DIVISÃO),2023-11-11,12:00,RODADA 17,Colchester,Sutton,20.0,24.0,1.91,3.75,3.6,1.73,2.08,1.67,2.1,1.8,3.2,0.07,0.1,0.67,1.82,0.0,,37.2,55.5,47.6,38.33,1.9,1.26,3.16,-0.2,0.0,5.4,2.17,6.67,2.83,66.67,16.67,33.33,16.67,50.0,66.67,6.67,6.67,83.33,16.67,16.67,0.0,100.0,100.0,2.67,2.67,100.0,100.0
INGLATERRA - LEAGUE TWO (4ª DIVISÃO),2023-11-11,12:00,RODADA 17,Crawley,Accrington,14.0,7.0,2.3,3.75,2.75,1.57,2.35,1.5,2.5,2.2,1.8,0.3,0.17,1.71,0.94,1.17,1.26,22.2,44.0,21.83,33.0,1.62,1.59,3.21,1.0,0.8,2.37,3.12,5.0,3.83,100.0,42.86,0.0,57.14,57.14,57.14,6.14,6.14,66.67,33.33,33.33,33.33,33.33,50.0,4.83,4.83,100.0,100.0
INGLATERRA - LEAGUE TWO (4ª DIVISÃO),2023-11-11,12:00,RODADA 17,Crewe,Notts County,5.0,2.0,2.9,3.8,2.15,1.53,2.4,1.5,2.5,1.8,1.6,0.12,0.3,2.43,0.4,1.71,0.73,29.43,42.0,21.0,53.8,1.2,1.5,2.7,4.33,5.5,1.71,2.69,4.14,3.71,100.0,57.14,0.0,71.43,71.43,71.43,6.86,6.86,71.43,14.29,28.57,42.86,42.86,71.43,5.14,5.14,100.0,85.71
INGLATERRA - LEAGUE TWO (4ª DIVISÃO),2023-11-11,12:00,RODADA 17,Grimsby,Morecambe,21.0,6.0,2.1,3.5,3.3,1.75,2.05,1.62,2.2,1.0,1.4,0.19,0.3,1.57,0.89,1.5,1.1,19.8,22.25,61.0,46.0,1.41,1.2,2.61,1.83,1.2,2.4,2.75,4.29,4.0,71.43,28.57,28.57,42.86,28.57,42.86,5.43,5.43,100.0,33.33,0.0,50.0,83.33,66.67,4.33,4.33,85.71,100.0
INGLATERRA - LEAGUE TWO (4ª DIVISÃO),2023-11-11,12:00,RODADA 17,Newport,Milton Keynes,19.0,12.0,2.75,3.6,2.3,1.7,2.1,1.57,2.25,1.6,2.0,0.14,0.23,1.29,0.97,1.0,1.41,33.0,26.2,30.67,31.17,2.0,2.0,4.0,1.5,2.17,2.39,3.95,4.29,4.86,100.0,71.43,0.0,28.57,85.71,85.71,5.29,5.29,85.71,42.86,14.29,28.57,71.43,71.43,4.0,4.0,100.0,85.71
INGLATERRA - LEAGUE TWO (4ª DIVISÃO),2023-11-11,12:00,RODADA 17,Salford,Mansfield,13.0,4.0,4.2,3.75,1.83,1.67,2.15,1.62,2.2,1.4,1.8,0.34,0.17,0.83,1.4,1.86,0.58,40.4,39.14,33.0,28.5,1.1,2.08,3.18,1.0,3.67,3.4,3.1,4.33,6.71,100.0,50.0,0.0,16.67,66.67,83.33,3.83,3.83,100.0,71.43,0.0,42.86,71.43,85.71,5.57,5.57,100.0,100.0
INGLATERRA - LEAGUE TWO (4ª DIVISÃO),2023-11-11,12:00,RODADA 17,Swindon,Stockport,10.0,1.0,3.3,3.8,2.05,1.57,2.35,1.5,2.5,2.0,1.8,0.3,0.15,2.17,0.61,2.0,0.77,14.0,40.5,38.67,33.8,1.83,1.1,2.93,3.0,4.4,1.62,1.89,5.67,3.5,100.0,16.67,0.0,66.67,50.0,33.33,5.67,5.67,83.33,33.33,16.67,66.67,83.33,83.33,5.5,5.5,100.0,100.0
INGLATERRA - LEAGUE TWO (4ª DIVISÃO),2023-11-11,12:00,RODADA 17,Tranmere,Forest Green,23.0,22.0,2.55,3.75,2.5,1.7,2.1,1.62,2.2,2.0,1.8,0.12,0.16,1.0,1.41,1.2,1.37,33.83,62.0,36.33,17.0,1.79,1.55,3.34,0.17,3.5,2.28,3.83,3.71,4.0,85.71,42.86,14.29,28.57,85.71,71.43,5.14,5.14,60.0,40.0,40.0,40.0,40.0,40.0,5.0,5.0,100.0,100.0
INGLATERRA - LEAGUE ONE (3ª DIVISÃO),2023-11-11,12:00,RODADA 17,Bolton,Blackpool,3.0,8.0,2.0,3.5,3.6,1.95,1.9,1.75,2.0,1.4,1.2,0.08,0.63,2.14,0.68,0.67,0.77,16.5,57.33,44.33,30.0,1.7,1.04,2.74,0.0,0.8,2.33,2.11,5.14,3.5,100.0,85.71,0.0,71.43,100.0,71.43,6.14,6.14,83.33,33.33,16.67,0.0,50.0,50.0,4.33,4.33,100.0,83.33
INGLATERRA - LEAGUE ONE (3ª DIVISÃO),2023-11-11,12:00,RODADA 17,Carlisle,Bristol Rovers,21.0,15.0,2.63,3.4,2.6,2.03,1.83,1.8,1.95,0.8,2.2,0.54,0.11,0.86,1.25,1.17,1.26,59.75,50.2,43.0,56.2,0.85,1.3,2.15,-1.0,0.4,1.38,3.6,2.43,4.17,57.14,14.29,42.86,14.29,0.0,42.86,6.71,6.71,50.0,16.67,50.0,33.33,50.0,66.67,4.33,4.33,100.0,100.0
INGLATERRA - LEAGUE ONE (3ª DIVISÃO),2023-11-11,12:00,RODADA 17,Cheltenham,Wigan,,,3.0,3.5,2.25,2.0,1.85,1.8,1.95,0.6,1.0,0.66,0.36,0.67,1.82,1.43,1.06,22.0,37.33,28.0,38.8,0.49,1.8,2.29,2.8,7.17,4.0,2.17,3.33,2.86,83.33,33.33,16.67,16.67,33.33,16.67,3.33,3.33,100.0,14.29,0.0,42.86,57.14,57.14,3.14,3.14,100.0,100.0
INGLATERRA - LEAGUE ONE (3ª DIVISÃO),2023-11-11,12:00,RODADA 17,Derby,Barnsley,7.0,5.0,1.75,3.6,4.75,1.83,2.03,1.75,2.0,1.0,1.4,0.32,0.19,1.33,1.02,2.33,0.44,56.6,38.33,53.0,66.0,0.77,1.04,1.81,5.4,4.2,2.5,2.71,3.17,4.17,66.67,0.0,33.33,33.33,33.33,50.0,8.33,8.33,66.67,16.67,33.33,66.67,33.33,50.0,3.83,3.83,83.33,100.0
INGLATERRA - LEAGUE ONE (3ª DIVISÃO),2023-11-11,12:00,RODADA 17,Fleetwood,Exeter,22.0,17.0,2.2,3.5,3.0,1.9,1.95,1.7,2.05,0.8,1.8,0.74,0.12,0.17,2.45,1.5,1.1,37.0,41.75,27.0,41.0,0.57,1.62,2.19,-0.8,3.8,3.17,3.46,3.17,4.5,100.0,50.0,0.0,0.0,50.0,33.33,7.0,7.0,50.0,33.33,50.0,50.0,50.0,16.67,4.5,4.5,100.0,100.0
INGLATERRA - LEAGUE ONE (3ª DIVISÃO),2023-11-11,12:00,RODADA 17,Leyton Orient,Oxford Utd,,,2.75,3.4,2.45,1.95,1.9,1.75,2.0,0.8,1.8,0.31,0.15,1.67,0.9,2.0,0.77,20.75,19.75,37.0,40.8,1.0,1.62,2.62,3.4,1.8,3.5,1.75,3.83,4.67,100.0,50.0,0.0,50.0,50.0,33.33,6.67,6.67,100.0,50.0,0.0,66.67,66.67,50.0,7.0,7.0,100.0,100.0
ESCÓCIA - PREMIERSHIP,2023-11-11,12:00,RODADA 13,Dundee FC,St. Mirren,6.0,3.0,2.3,3.2,3.1,2.08,1.73,1.8,1.95,1.75,1.75,0.07,0.2,0.75,0.67,1.75,0.86,42.0,41.75,26.67,59.67,0.97,1.73,2.7,1.67,4.33,2.25,2.67,4.75,3.5,75.0,25.0,25.0,0.0,50.0,50.0,6.0,6.0,50.0,50.0,50.0,50.0,50.0,75.0,3.5,3.5,75.0,100.0
ESCÓCIA - PREMIERSHIP,2023-11-11,12:00,RODADA 13,Hibernian,Kilmarnock,8.0,4.0,2.1,3.4,3.4,2.05,1.8,1.8,1.95,1.6,1.25,0.24,0.28,1.0,1.22,0.5,1.15,56.0,49.67,11.5,13.0,1.45,1.1,2.55,2.0,1.33,2.67,2.5,5.2,3.5,60.0,20.0,40.0,20.0,40.0,40.0,6.4,6.4,75.0,75.0,25.0,0.0,75.0,75.0,6.25,6.25,60.0,75.0
ESCÓCIA - PREMIERSHIP,2023-11-11,12:00,RODADA 13,Motherwell,Hearts,9.0,5.0,2.63,3.2,2.75,1.95,1.9,1.7,2.05,3.2,1.25,0.17,0.0,1.4,1.08,0.75,2.0,70.5,40.0,49.6,53.33,1.34,1.22,2.56,4.5,0.0,1.88,2.75,4.6,3.25,40.0,20.0,60.0,40.0,80.0,80.0,4.2,4.2,50.0,0.0,50.0,25.0,25.0,25.0,6.75,6.75,100.0,100.0
ESCÓCIA - PREMIERSHIP,2023-11-11,12:00,RODADA 13,St. Johnstone,Ross County,12.0,10.0,2.7,3.25,2.55,2.1,1.7,1.91,1.91,1.75,2.4,0.0,0.12,1.0,1.41,1.0,1.22,41.5,59.33,43.25,39.0,1.48,1.45,2.93,-0.67,2.0,1.75,2.5,2.5,3.8,75.0,25.0,25.0,25.0,50.0,50.0,4.5,4.5,40.0,40.0,60.0,20.0,60.0,40.0,4.6,4.6,100.0,80.0
ITÁLIA - SERIE B,2023-11-11,12:15,RODADA 13,Modena,Sampdoria,3.0,16.0,2.25,3.2,3.3,2.1,1.7,1.91,1.91,1.2,1.2,0.24,0.14,2.0,0.71,1.2,0.91,27.0,33.75,68.5,59.6,1.0,0.77,1.77,5.75,1.5,2.5,3.5,3.8,4.4,40.0,0.0,60.0,60.0,20.0,20.0,7.2,7.2,80.0,0.0,20.0,20.0,20.0,80.0,2.6,2.6,80.0,100.0
ESPANHA - LALIGA,2023-11-11,12:15,RODADA 13,Almería,Real Sociedad,20.0,7.0,4.33,3.8,1.75,1.82,2.08,1.75,2.0,2.2,1.0,0.26,0.47,0.4,1.37,1.0,1.41,39.25,36.67,28.6,34.0,1.26,1.4,2.66,-0.75,3.33,4.29,3.33,6.6,2.75,100.0,80.0,0.0,0.0,80.0,80.0,5.4,5.4,75.0,0.0,25.0,25.0,50.0,50.0,4.0,4.0,100.0,75.0
ESPANHA - LALIGA2,2023-11-11,12:15,RODADA 15,Racing Santander,Valladolid,10.0,4.0,2.6,3.2,2.85,2.22,1.72,1.83,1.91,0.8,0.4,0.1,0.32,2.67,0.31,1.2,1.37,22.8,57.5,61.0,18.67,1.41,0.28,1.69,6.0,1.75,2.3,3.5,4.5,3.2,83.33,50.0,16.67,83.33,66.67,33.33,4.83,4.83,80.0,20.0,20.0,40.0,0.0,0.0,3.4,3.4,83.33,100.0
PORTUGAL - LIGA PORTUGAL,2023-11-11,12:30,RODADA 11,Portimonense,Chaves,10.0,17.0,2.37,3.3,3.05,2.07,1.83,1.75,2.0,1.33,1.5,,0.16,0.33,1.73,0.75,2.0,61.33,61.5,8.33,24.67,1.66,1.42,3.08,-2.5,-2.0,3.67,6.75,3.67,5.75,100.0,100.0,0.0,0.0,66.67,100.0,5.67,5.67,50.0,50.0,50.0,25.0,50.0,25.0,5.5,5.5,100.0,100.0
PORTUGAL - LIGA PORTUGAL 2,2023-11-11,12:30,RODADA 10,Santa Clara,AVS,3.0,1.0,2.21,3.22,3.22,2.23,1.62,1.92,1.84,0.75,2.0,0.31,,2.5,0.4,3.0,0.0,11.33,47.67,,57.0,1.0,0.0,1.0,4.33,6.0,2.0,3.17,4.0,5.33,75.0,0.0,25.0,75.0,0.0,0.0,3.0,3.0,33.33,0.0,66.67,100.0,66.67,66.67,3.67,3.67,75.0,100.0
ALEMANHA - 3. LIGA,2023-11-11,12:30,RODADA 15,Dortmund II,Lubeck,10.0,18.0,1.91,3.8,3.4,1.73,2.08,1.67,2.1,0.8,1.2,0.31,0.21,1.67,0.9,1.0,1.1,25.4,44.2,21.5,54.67,1.18,1.18,2.36,1.4,3.0,3.6,1.8,4.67,2.17,100.0,33.33,0.0,50.0,50.0,50.0,3.0,3.0,66.67,50.0,33.33,16.67,66.67,83.33,4.83,4.83,100.0,100.0
GRÉCIA - SUPERLIGA,2023-11-11,12:30,RODADA 11,OFI Crete,Giannina,7.0,13.0,1.8,3.5,4.75,2.08,1.73,1.95,1.8,1.25,0.5,0.19,0.0,2.5,0.4,0.5,1.15,36.25,15.0,63.0,12.67,1.75,0.97,2.72,6.0,0.67,2.71,2.17,4.0,3.25,75.0,25.0,25.0,75.0,25.0,50.0,3.5,3.5,75.0,75.0,25.0,0.0,75.0,75.0,2.75,2.75,100.0,75.0
FRANÇA - LIGUE 1,2023-11-11,13:00,RODADA 12,Reims,PSG,4.0,1.0,4.33,4.0,1.7,1.57,2.35,1.57,2.25,1.75,1.75,0.0,0.07,1.5,1.15,2.5,0.4,34.5,28.5,46.0,65.0,1.37,1.85,3.22,2.0,4.33,3.62,2.67,4.5,7.0,100.0,0.0,0.0,50.0,50.0,50.0,5.5,5.5,75.0,75.0,25.0,75.0,75.0,100.0,4.75,4.75,100.0,100.0
ÁUSTRIA - BUNDESLIGA,2023-11-11,13:00,RODADA 14,A. Lustenau,Wolfsberger,12.0,8.0,4.5,3.8,1.7,1.6,2.3,1.57,2.25,1.8,2.2,0.15,0.41,0.0,,1.4,0.64,,47.33,24.5,39.0,0.75,2.26,3.01,-3.0,4.0,,1.78,2.67,3.6,100.0,50.0,0.0,0.0,66.67,16.67,3.0,3.0,60.0,20.0,40.0,20.0,60.0,60.0,4.0,4.0,100.0,60.0
ÁUSTRIA - BUNDESLIGA,2023-11-11,13:00,RODADA 14,Hartberg,Rapid Vienna,4.0,6.0,3.1,3.5,2.2,1.62,2.25,1.53,2.38,2.0,1.25,0.17,0.38,1.4,1.08,1.75,0.86,48.67,11.0,23.33,,0.77,2.12,2.89,-2.25,8.33,2.83,1.6,3.6,5.75,60.0,40.0,40.0,40.0,80.0,40.0,4.0,4.0,75.0,75.0,25.0,50.0,50.0,0.0,5.25,5.25,80.0,75.0
ÁUSTRIA - BUNDESLIGA,2023-11-11,13:00,RODADA 14,Tirol,Altach,11.0,9.0,2.75,3.4,2.45,1.8,2.05,1.62,2.2,2.25,1.2,0.1,0.1,0.25,2.0,1.0,1.1,28.67,33.0,28.0,47.25,1.32,1.58,2.9,-1.67,3.6,3.0,3.89,4.0,4.0,100.0,25.0,0.0,0.0,50.0,75.0,3.5,3.5,50.0,50.0,50.0,16.67,33.33,33.33,4.83,4.83,100.0,83.33
TURQUIA - SUPER LIG,2023-11-11,13:00,RODADA 12,Hatayspor,Galatasaray,,,5.75,5.0,1.4,1.48,2.6,1.67,2.1,2.75,1.2,0.3,0.29,2.0,0.58,2.6,0.34,48.67,37.0,39.0,,0.67,1.55,2.22,3.67,5.5,1.67,3.46,4.25,5.0,75.0,25.0,25.0,50.0,75.0,75.0,4.5,4.5,60.0,0.0,40.0,80.0,40.0,20.0,6.2,6.2,75.0,80.0
NORUEGA - ELITESERIEN,2023-11-11,14:00,RODADA 28,Haugesund,Brann,,,4.0,3.95,1.75,1.55,2.47,1.52,2.37,2.2,1.6,0.21,0.16,1.6,0.94,1.3,1.15,39.0,38.0,57.12,32.12,1.9,1.26,3.16,7.6,0.5,2.15,3.1,4.3,4.0,60.0,30.0,40.0,50.0,60.0,70.0,4.6,4.6,100.0,50.0,0.0,40.0,60.0,60.0,7.2,7.2,100.0,100.0
ITÁLIA - SERIE A,2023-11-11,14:00,RODADA 12,Juventus,Cagliari,2.0,17.0,1.33,5.0,9.0,1.7,2.1,2.05,1.7,1.5,1.75,0.16,0.2,2.5,0.4,0.5,1.15,48.5,50.5,44.0,49.33,1.75,0.61,2.36,6.0,1.33,3.33,2.0,5.25,3.25,50.0,25.0,50.0,75.0,25.0,50.0,6.25,6.25,50.0,25.0,50.0,0.0,75.0,50.0,3.0,3.0,100.0,75.0
GRÉCIA - SUPERLIGA,2023-11-11,14:00,RODADA 11,Atromitos,Panserraikos,10.0,9.0,1.91,3.5,4.0,1.95,1.9,1.8,1.95,0.5,2.25,,0.26,1.0,0.0,0.5,1.15,,2.5,,71.75,1.0,0.79,1.79,,0.33,,2.5,1.0,3.0,50.0,0.0,50.0,0.0,0.0,50.0,4.0,4.0,50.0,25.0,50.0,0.0,25.0,50.0,2.25,2.25,50.0,100.0
BÉLGICA - LIGA JUPILER,2023-11-11,14:15,RODADA 14,Eupen,RWDM,10.0,11.0,2.52,3.45,2.75,1.72,2.22,1.55,2.37,2.2,1.8,0.09,0.49,1.4,1.08,1.0,1.22,42.0,40.5,50.0,36.75,1.88,1.48,3.36,5.5,-4.0,2.46,2.75,3.8,2.8,100.0,40.0,0.0,40.0,80.0,60.0,3.6,3.6,60.0,60.0,40.0,20.0,60.0,80.0,2.4,2.4,100.0,80.0
ALEMANHA - BUNDESLIGA,2023-11-11,14:30,RODADA 11,Bochum,Köln,14.0,18.0,2.3,3.4,3.0,1.73,2.1,1.57,2.25,2.0,1.0,,0.0,1.0,0.0,0.25,2.0,36.0,37.0,56.67,58.75,1.53,0.82,2.35,2.0,0.33,6.0,3.5,6.67,3.5,66.67,0.0,33.33,0.0,33.33,100.0,6.0,6.0,75.0,50.0,25.0,0.0,50.0,50.0,4.0,4.0,100.0,100.0
INGLATERRA - PREMIER LEAGUE,2023-11-11,14:30,RODADA 12,Bournemouth,Newcastle,18.0,6.0,5.25,4.2,1.62,1.6,2.3,1.67,2.1,1.2,2.75,0.14,0.26,1.0,1.22,1.0,1.41,40.33,56.0,31.5,22.0,1.1,1.82,2.92,0.5,2.33,4.0,1.79,4.4,5.25,60.0,20.0,40.0,20.0,40.0,60.0,6.0,6.0,100.0,25.0,0.0,25.0,75.0,50.0,2.5,2.5,80.0,100.0
ESPANHA - LALIGA,2023-11-11,14:30,RODADA 13,Granada,Getafe,19.0,12.0,2.55,3.1,3.0,2.35,1.57,2.0,1.75,2.2,2.2,0.07,0.23,1.0,1.22,0.4,1.37,35.75,25.75,46.2,18.2,2.04,1.88,3.92,4.0,0.25,2.96,1.96,5.0,3.6,60.0,60.0,40.0,20.0,60.0,80.0,4.0,4.0,100.0,40.0,0.0,0.0,100.0,80.0,1.8,1.8,100.0,100.0
ESPANHA - LALIGA,2023-11-11,14:30,RODADA 13,Osasuna,Las Palmas,11.0,10.0,1.91,3.4,4.2,2.3,1.6,2.05,1.7,0.75,1.2,0.0,0.11,1.0,1.41,0.6,2.24,43.5,,28.0,73.6,0.95,0.63,1.58,5.0,-0.25,3.0,,4.5,3.0,75.0,25.0,25.0,25.0,25.0,25.0,5.25,5.25,40.0,0.0,60.0,20.0,20.0,20.0,3.2,3.2,75.0,100.0
ESPANHA - LALIGA2,2023-11-11,14:30,RODADA 15,Elche,Zaragoza,11.0,9.0,2.15,3.3,3.6,2.4,1.62,2.02,1.75,1.2,1.2,0.26,0.38,2.17,0.61,2.0,0.71,30.0,41.75,55.0,59.0,0.98,0.92,1.9,6.0,2.75,5.1,2.54,5.5,3.4,66.67,0.0,33.33,66.67,33.33,50.0,6.5,6.5,60.0,20.0,40.0,60.0,40.0,40.0,2.8,2.8,100.0,100.0
ESPANHA - LALIGA2,2023-11-11,14:30,RODADA 15,Mirandes,Ferrol,12.0,7.0,2.5,3.05,3.1,2.37,1.65,1.91,1.83,2.0,1.2,0.31,0.22,1.17,1.26,0.83,1.4,24.6,57.67,48.4,52.2,1.67,0.8,2.47,-0.6,-0.2,3.0,1.67,4.17,1.5,83.33,83.33,16.67,33.33,66.67,66.67,2.33,2.33,50.0,0.0,50.0,16.67,16.67,33.33,2.83,2.83,100.0,100.0
PAÍSES BAIXOS - EREDIVISIE,2023-11-11,14:45,RODADA 12,Waalwijk,G.A. Eagles,15.0,5.0,2.6,3.5,2.5,1.7,2.1,1.57,2.25,2.67,2.0,,0.12,1.0,1.73,0.5,1.15,42.0,68.0,62.33,25.67,1.5,1.16,2.66,0.0,-0.67,3.5,3.0,4.0,2.75,100.0,0.0,0.0,33.33,100.0,66.67,2.67,2.67,50.0,25.0,50.0,0.0,50.0,50.0,3.75,3.75,100.0,75.0
ARÁBIA SAUDITA - LIGA PROFISSIONAL SAUDITA,2023-11-11,15:00,RODADA 13,Al Wehda,Al Nassr Riyadh,8.0,2.0,6.8,5.1,1.37,1.36,2.95,1.55,2.3,2.2,3.2,0.0,0.0,2.0,0.71,2.4,0.56,36.5,31.8,53.0,62.25,1.55,2.18,3.73,7.5,9.25,2.35,2.01,5.6,6.6,80.0,60.0,20.0,60.0,80.0,60.0,4.0,4.0,80.0,40.0,20.0,80.0,100.0,80.0,5.4,5.4,100.0,100.0
PORTUGAL - LIGA PORTUGAL,2023-11-11,15:00,RODADA 11,Estrela da Amadora,Moreirense,,6.0,2.5,3.2,2.95,2.18,1.75,1.82,1.93,2.0,1.75,0.35,0.13,0.75,2.0,1.75,0.86,61.0,5.5,32.75,63.0,1.0,1.62,2.62,3.0,1.0,3.0,1.25,3.25,3.0,75.0,0.0,25.0,25.0,50.0,50.0,7.25,7.25,50.0,25.0,50.0,50.0,75.0,25.0,3.5,3.5,100.0,75.0
PORTUGAL - LIGA PORTUGAL,2023-11-11,15:00,RODADA 11,Vizela,Famalicao,14.0,7.0,2.57,3.15,2.92,2.22,1.72,1.82,1.93,1.0,1.25,0.24,0.09,1.0,1.41,1.0,1.41,44.67,39.0,23.33,46.0,1.0,1.06,2.06,1.33,1.33,3.5,3.0,3.75,2.5,75.0,75.0,25.0,25.0,50.0,50.0,4.0,4.0,50.0,0.0,50.0,25.0,25.0,50.0,2.5,2.5,100.0,100.0
PORTUGAL - LIGA PORTUGAL 2,2023-11-11,15:00,RODADA 10,Oliveirense,Ferreira,8.0,12.0,2.86,3.46,2.3,1.77,1.99,1.62,2.23,2.5,0.67,0.19,,1.75,0.86,0.0,,43.75,,34.5,44.33,1.94,0.81,2.75,5.33,-2.0,2.54,,5.25,1.67,100.0,50.0,0.0,50.0,100.0,100.0,7.75,7.75,66.67,33.33,33.33,0.0,33.33,33.33,8.0,8.0,100.0,100.0
GRÉCIA - SUPERLIGA,2023-11-11,15:00,RODADA 11,Volos,Aris,14.0,6.0,4.5,3.75,1.8,1.7,2.1,1.67,2.1,2.33,0.67,,,0.33,1.73,0.33,1.73,41.67,,31.33,27.5,1.49,1.25,2.74,0.5,-0.5,3.83,,5.33,4.67,66.67,66.67,33.33,0.0,100.0,100.0,3.67,3.67,66.67,33.33,33.33,0.0,33.33,33.33,2.33,2.33,100.0,66.67
BRASIL - SÉRIE B,2023-11-11,15:30,RODADA 36,Ituano,Sampaio Corrêa,15.0,16.0,1.9,3.35,4.31,2.38,1.57,2.11,1.69,0.6,0.4,0.46,0.58,1.2,1.1,0.5,1.94,27.5,19.5,43.33,18.86,0.92,0.63,1.55,1.2,-0.7,2.29,1.5,4.2,2.2,60.0,30.0,40.0,30.0,20.0,20.0,7.0,7.0,80.0,20.0,20.0,10.0,20.0,10.0,3.3,3.3,80.0,80.0
PAÍSES BAIXOS - EREDIVISIE,2023-11-11,16:00,RODADA 12,Twente,Nijmegen,4.0,12.0,1.33,5.0,9.0,1.5,2.5,1.8,1.95,1.25,1.5,0.28,0.16,3.0,0.0,0.5,1.15,18.5,41.67,51.33,46.25,2.12,0.75,2.87,7.0,-2.33,2.88,4.33,5.5,3.25,100.0,50.0,0.0,100.0,75.0,75.0,5.0,5.0,75.0,50.0,25.0,0.0,50.0,75.0,3.5,3.5,100.0,100.0
ALEMANHA - 2. BUNDESLIGA,2023-11-11,16:30,RODADA 13,Hertha,Karlsruher,12.0,16.0,2.05,3.75,3.1,1.5,2.5,1.44,2.63,1.75,1.2,0.27,0.24,2.25,0.67,0.2,2.24,24.0,16.0,68.5,34.0,2.46,0.77,3.23,10.0,-0.75,1.91,3.67,7.0,5.0,75.0,75.0,25.0,75.0,75.0,25.0,4.5,4.5,100.0,40.0,0.0,0.0,60.0,80.0,4.4,4.4,100.0,100.0
ITÁLIA - SERIE A,2023-11-11,16:45,RODADA 12,Monza,Torino,9.0,13.0,2.2,3.2,3.5,2.25,1.62,1.95,1.8,0.5,1.5,0.24,0.08,2.0,0.58,0.75,2.0,26.0,25.5,,45.33,1.73,0.5,2.23,6.33,-1.0,3.61,1.0,5.25,1.75,75.0,50.0,25.0,50.0,25.0,25.0,7.5,7.5,50.0,50.0,50.0,25.0,50.0,25.0,2.0,2.0,75.0,100.0
BÉLGICA - LIGA JUPILER,2023-11-11,16:45,RODADA 14,KV Mechelen,Charleroi,14.0,12.0,2.55,3.55,2.65,1.72,2.22,1.55,2.35,1.6,0.8,0.22,0.43,1.2,1.37,0.2,2.24,54.67,36.33,36.33,23.25,1.62,0.89,2.51,0.5,0.25,3.92,4.0,5.2,4.4,40.0,20.0,60.0,40.0,40.0,20.0,6.2,6.2,80.0,60.0,20.0,0.0,60.0,60.0,5.6,5.6,100.0,80.0
BRASIL - SÉRIE B,2023-11-11,17:00,RODADA 36,Avaí,CRB,13.0,10.0,,,,,,,,0.6,1.0,1.1,0.36,1.7,0.83,0.4,2.42,56.12,68.8,21.4,49.89,0.98,0.45,1.43,1.8,-0.3,3.91,3.1,4.4,2.8,60.0,30.0,40.0,50.0,30.0,40.0,5.5,5.5,50.0,20.0,50.0,10.0,50.0,50.0,3.7,3.7,90.0,90.0
BRASIL - SÉRIE B,2023-11-11,17:00,RODADA 36,Chapecoense,Botafogo-SP,18.0,12.0,,,,,,,,0.6,0.8,0.58,0.21,1.1,1.0,1.7,0.83,65.67,51.29,51.14,42.43,0.4,0.89,1.29,0.1,4.5,4.11,2.93,4.2,3.5,60.0,0.0,40.0,20.0,10.0,40.0,6.3,6.3,60.0,30.0,40.0,50.0,50.0,50.0,5.4,5.4,90.0,90.0
FRANÇA - LIGUE 1,2023-11-11,17:00,RODADA 12,Le Havre,Monaco,7.0,2.0,3.8,3.75,1.83,1.73,2.08,1.7,2.05,1.5,2.75,0.0,0.09,1.0,1.41,2.0,0.58,52.5,28.0,34.0,17.75,1.41,1.73,3.14,1.0,3.33,4.5,2.54,4.5,7.25,50.0,0.0,50.0,25.0,50.0,25.0,4.75,4.75,100.0,75.0,0.0,50.0,100.0,100.0,5.75,5.75,75.0,100.0
ESPANHA - LALIGA,2023-11-11,17:00,RODADA 13,Real Madrid,Valencia,2.0,8.0,1.36,5.0,8.0,1.67,2.15,1.95,1.8,2.33,1.6,,0.18,3.0,0.0,1.0,1.22,34.0,39.67,8.0,36.0,2.07,0.82,2.89,10.0,4.0,4.08,2.33,9.67,3.4,100.0,0.0,0.0,100.0,100.0,66.67,6.67,6.67,80.0,20.0,20.0,20.0,60.0,60.0,3.0,3.0,100.0,100.0
ESPANHA - LALIGA2,2023-11-11,17:00,RODADA 15,Sporting Gijón,Amorebieta,2.0,21.0,1.52,4.1,6.7,2.0,1.88,2.05,1.72,1.2,1.6,0.29,0.2,2.6,0.34,0.17,2.45,36.6,34.33,39.33,32.33,2.39,0.69,3.08,6.5,1.2,2.27,2.5,5.0,2.67,100.0,60.0,0.0,80.0,80.0,60.0,6.8,6.8,100.0,50.0,0.0,0.0,66.67,50.0,4.67,4.67,100.0,100.0
PAÍSES BAIXOS - EREDIVISIE,2023-11-11,17:00,RODADA 12,Vitesse,Heerenveen,18.0,13.0,2.4,3.6,2.7,1.62,2.25,1.53,2.38,1.5,2.25,0.0,0.05,0.25,2.0,0.75,2.0,,46.33,45.33,15.0,0.87,1.48,2.35,-1.67,3.0,,1.83,3.25,3.25,50.0,0.0,50.0,0.0,25.0,25.0,5.75,5.75,75.0,50.0,25.0,25.0,75.0,50.0,4.0,4.0,75.0,100.0
PORTUGAL - LIGA PORTUGAL,2023-11-11,17:30,RODADA 11,Vitória SC,FC Porto,5.0,3.0,5.3,4.1,1.62,1.78,2.12,1.78,1.98,2.5,1.75,0.05,0.2,2.25,0.67,2.25,0.67,48.25,62.0,49.0,56.67,1.22,1.25,2.47,6.0,4.0,2.17,3.0,4.25,4.25,50.0,25.0,50.0,75.0,75.0,75.0,7.5,7.5,25.0,0.0,75.0,75.0,50.0,50.0,7.0,7.0,100.0,100.0
BRASIL - SÉRIE B,2023-11-11,18:00,RODADA 36,Tombense,Ponte Preta,14.0,17.0,1.9,3.3,4.36,2.47,1.53,2.18,1.65,2.4,0.8,0.09,0.36,1.6,0.79,0.7,1.36,61.5,54.5,37.0,43.62,1.2,0.8,2.0,3.4,2.7,2.54,3.75,4.4,3.33,60.0,10.0,40.0,40.0,60.0,70.0,6.2,6.2,50.0,20.0,50.0,10.0,20.0,30.0,3.9,3.9,90.0,90.0
MÉXICO - LIGA MX,2023-11-11,20:00,ABERTURA ,Atlético San Luis,Santos Laguna,6.0,14.0,2.0,3.5,3.25,1.67,2.15,1.57,2.25,2.0,1.8,0.23,0.29,2.29,0.55,0.8,1.63,25.0,21.6,40.0,15.4,2.99,1.15,4.14,9.17,1.0,3.14,3.53,6.29,6.4,100.0,42.86,0.0,71.43,57.14,42.86,4.43,4.43,100.0,80.0,0.0,20.0,100.0,100.0,5.6,5.6,100.0,100.0
MÉXICO - LIGA MX,2023-11-11,20:00,ABERTURA ,Querétaro,Monterrey,17.0,3.0,4.0,3.75,1.75,1.62,2.25,1.62,2.2,1.4,1.4,0.1,0.19,1.0,1.1,1.83,0.72,59.5,44.2,40.8,36.75,1.0,1.3,2.3,1.2,3.2,3.17,2.97,3.17,3.83,83.33,0.0,16.67,16.67,33.33,83.33,5.33,5.33,66.67,33.33,33.33,50.0,50.0,50.0,5.83,5.83,100.0,100.0
MÉXICO - LIGA MX,2023-11-11,22:00,ABERTURA ,U.N.A.M.,Guadalajara,5.0,4.0,2.5,3.3,2.6,1.8,2.0,1.67,2.1,1.4,1.6,0.36,0.07,1.6,0.84,1.33,1.02,39.33,44.0,47.67,49.4,1.6,0.98,2.58,2.0,4.6,3.19,1.9,5.4,2.33,60.0,40.0,40.0,40.0,40.0,40.0,7.8,7.8,66.67,33.33,33.33,33.33,50.0,66.67,4.5,4.5,80.0,100.0
AUSTRÁLIA - A-LEAGUE,2023-11-12,01:00,RODADA 4,Melbourne City,Macarthur FC,8.0,4.0,1.53,4.2,5.0,1.5,2.5,1.62,2.2,,,,,,,,,,,,,,,,,,,,,,,,,,,,,,25.0,0.0,75.0,0.0,25.0,25.0,,,,75.0
JAPÃO - LIGA J1,2023-11-12,02:00,RODADA 32,Kawasaki,Kyoto,9.0,15.0,1.57,4.2,5.5,1.7,2.1,1.75,2.0,1.6,1.2,0.28,0.4,1.5,0.9,1.1,1.25,51.5,37.0,30.67,48.25,1.34,1.1,2.44,3.5,1.0,3.43,2.88,3.78,3.4,60.0,50.0,40.0,40.0,40.0,50.0,4.9,4.9,50.0,20.0,50.0,30.0,40.0,50.0,4.1,4.1,90.0,90.0
JAPÃO - LIGA J1,2023-11-12,02:00,RODADA 32,Yokohama M.,C-Osaka,2.0,6.0,1.91,3.8,3.75,1.57,2.35,1.53,2.38,1.4,1.0,0.32,0.33,2.3,0.5,1.8,0.73,35.78,46.5,60.38,37.8,0.94,0.92,1.86,6.5,2.5,2.44,3.0,4.8,3.5,70.0,40.0,30.0,70.0,50.0,70.0,5.6,5.6,40.0,10.0,60.0,50.0,20.0,30.0,5.2,5.2,100.0,80.0
JAPÃO - LIGA J1,2023-11-12,03:00,RODADA 32,Urawa,Kobe,3.0,1.0,2.55,3.25,2.8,2.15,1.67,1.95,1.8,1.8,2.0,0.28,0.15,2.1,0.57,1.8,0.73,44.88,37.11,45.29,43.29,1.34,1.1,2.44,7.1,4.0,2.84,2.93,5.4,4.6,50.0,20.0,50.0,60.0,40.0,60.0,4.8,4.8,90.0,20.0,10.0,50.0,50.0,60.0,4.3,4.3,90.0,100.0
AUSTRÁLIA - A-LEAGUE,2023-11-12,03:00,RODADA 4,Central Coast Mariners,Brisbane Roar,11.0,7.0,1.8,3.75,3.8,1.53,2.4,1.5,2.5,,,,,,,,,,,,,,,,,,,,,,60.0,60.0,40.0,80.0,80.0,60.0,,,100.0,50.0,0.0,50.0,100.0,100.0,,,80.0,100.0
TURQUIA - SUPER LIG,2023-11-12,07:30,RODADA 12,Pendikspor,Samsunspor,,,2.8,3.3,2.38,1.85,2.0,1.62,2.2,2.75,1.0,0.09,0.34,0.5,1.15,0.2,2.24,73.25,48.67,46.25,24.8,1.58,1.41,2.99,-2.67,-1.75,3.5,2.0,4.25,2.4,75.0,25.0,25.0,0.0,50.0,100.0,6.5,6.5,80.0,60.0,20.0,0.0,40.0,60.0,5.0,5.0,100.0,100.0
PORTUGAL - LIGA PORTUGAL 2,2023-11-12,08:00,RODADA 10,Torreense,Mafra,6.0,9.0,,,,,,,,2.0,1.5,,0.24,2.33,0.49,0.25,2.0,17.0,64.33,74.0,41.75,2.16,1.0,3.16,7.0,0.33,2.28,2.5,6.33,2.75,100.0,66.67,0.0,66.67,100.0,66.67,6.0,6.0,75.0,25.0,25.0,0.0,50.0,75.0,4.0,4.0,100.0,100.0
PAÍSES BAIXOS - EREDIVISIE,2023-11-12,08:15,RODADA 12,PSV,Zwolle,1.0,8.0,1.11,9.0,19.0,1.25,4.0,1.95,1.8,2.4,3.0,0.12,0.04,3.0,0.0,1.5,1.15,28.4,34.25,50.0,54.0,2.61,1.1,3.71,9.0,1.0,2.84,3.38,9.0,5.25,100.0,40.0,0.0,100.0,80.0,40.0,7.2,7.2,75.0,25.0,25.0,50.0,100.0,100.0,3.25,3.25,100.0,100.0
ITÁLIA - SERIE A,2023-11-12,08:30,RODADA 12,Napoli,Empoli,4.0,19.0,1.22,6.5,10.5,1.44,2.7,1.91,1.91,1.75,2.33,0.07,,1.5,1.15,1.0,1.73,28.0,,39.33,11.5,2.58,1.0,3.58,6.0,-5.0,3.25,,5.75,3.0,100.0,75.0,0.0,50.0,75.0,75.0,8.25,8.25,100.0,33.33,0.0,33.33,66.67,0.0,5.0,5.0,100.0,100.0
FRANÇA - LIGUE 1,2023-11-12,09:00,RODADA 12,Brest,Strasbourg,6.0,12.0,1.91,3.4,4.0,2.08,1.73,1.91,1.91,1.0,1.0,0.35,0.0,2.0,0.58,0.75,2.0,74.0,,19.0,25.0,1.58,0.43,2.01,5.67,-1.0,5.22,,5.75,0.75,50.0,25.0,50.0,50.0,25.0,50.0,6.5,6.5,75.0,50.0,25.0,25.0,50.0,0.0,3.0,3.0,75.0,100.0
ESCÓCIA - PREMIERSHIP,2023-11-12,09:00,RODADA 13,Livingston,Rangers,11.0,2.0,9.0,5.0,1.33,1.6,2.3,1.91,1.91,1.5,2.0,0.16,0.06,1.25,1.01,2.25,0.67,71.0,17.0,52.0,,0.43,1.58,2.01,4.67,8.0,2.25,2.62,3.0,7.5,25.0,0.0,75.0,25.0,25.0,25.0,4.5,4.5,75.0,0.0,25.0,75.0,50.0,0.0,7.5,7.5,75.0,100.0
ALEMANHA - 2. BUNDESLIGA,2023-11-12,09:30,RODADA 13,Furth,Dusseldorf,6.0,4.0,2.45,3.5,2.7,1.67,2.15,1.53,2.38,1.2,1.5,0.14,0.24,2.0,0.71,2.5,0.4,33.25,13.33,11.5,52.0,1.0,1.9,2.9,5.75,9.33,3.0,1.59,4.6,5.5,80.0,40.0,20.0,60.0,60.0,40.0,7.6,7.6,75.0,75.0,25.0,75.0,75.0,50.0,6.5,6.5,80.0,75.0
ALEMANHA - 2. BUNDESLIGA,2023-11-12,09:30,RODADA 13,Magdeburg,Rostock,13.0,14.0,1.85,3.8,3.75,1.65,2.2,1.62,2.2,2.0,1.25,0.24,0.38,2.0,0.58,0.75,2.0,40.75,59.5,34.5,34.0,2.09,1.15,3.24,3.33,0.0,3.12,2.25,6.25,3.0,100.0,50.0,0.0,50.0,50.0,100.0,3.5,3.5,75.0,25.0,25.0,25.0,50.0,50.0,4.75,4.75,100.0,100.0
ALEMANHA - 2. BUNDESLIGA,2023-11-12,09:30,RODADA 13,Wehen,Kaiserslautern,8.0,7.0,2.6,3.5,2.5,1.7,2.1,1.57,2.25,1.2,1.5,0.34,0.24,1.2,0.91,0.5,1.15,63.75,23.67,48.0,28.0,1.41,1.22,2.63,0.25,1.67,2.5,5.39,2.6,8.0,60.0,0.0,40.0,20.0,0.0,60.0,3.8,3.8,100.0,75.0,0.0,0.0,75.0,75.0,7.0,7.0,100.0,100.0
BÉLGICA - LIGA JUPILER,2023-11-12,09:30,RODADA 14,Club Brugge,Cercle Brugge,7.0,4.0,1.78,4.0,4.25,1.57,2.52,1.53,2.4,2.4,1.8,0.21,0.14,2.2,0.5,1.8,0.91,40.0,57.6,41.0,37.5,1.55,1.3,2.85,4.0,4.25,3.26,3.2,6.8,4.4,80.0,40.0,20.0,60.0,60.0,100.0,7.4,7.4,20.0,20.0,80.0,60.0,40.0,40.0,4.8,4.8,100.0,100.0
ALEMANHA - 3. LIGA,2023-11-12,09:30,RODADA 15,Freiburg II,Munster,20.0,11.0,2.88,3.3,2.3,1.85,2.0,1.67,2.1,1.6,1.4,0.16,0.16,0.4,1.37,1.0,1.55,57.5,45.67,29.25,46.4,0.8,1.04,1.84,0.5,1.2,4.5,2.75,2.8,4.67,60.0,0.0,40.0,0.0,20.0,40.0,6.2,6.2,66.67,33.33,33.33,33.33,50.0,33.33,4.83,4.83,80.0,100.0
ESPANHA - LALIGA,2023-11-12,10:00,RODADA 13,Mallorca,Cádiz,17.0,16.0,1.8,3.25,5.25,2.5,1.5,2.25,1.57,0.5,1.75,0.47,0.07,0.75,0.67,0.0,,6.5,,49.33,46.0,1.37,0.71,2.08,0.67,-2.0,3.75,,3.25,3.25,50.0,50.0,50.0,0.0,25.0,50.0,4.75,4.75,50.0,50.0,50.0,0.0,50.0,25.0,3.75,3.75,75.0,100.0
ESPANHA - LALIGA2,2023-11-12,10:00,RODADA 15,Burgos,Alcorcón,14.0,19.0,2.15,3.15,3.8,2.55,1.57,2.07,1.7,1.6,2.0,0.41,0.1,2.67,0.31,1.17,1.26,33.83,46.33,42.0,48.0,2.0,0.69,2.69,9.6,4.4,3.26,1.83,4.83,3.83,66.67,33.33,33.33,83.33,33.33,33.33,4.67,4.67,66.67,16.67,33.33,33.33,33.33,16.67,2.5,2.5,100.0,100.0
PAÍSES BAIXOS - EREDIVISIE,2023-11-12,10:30,RODADA 12,Almere City,Ajax,9.0,11.0,5.25,4.33,1.55,1.5,2.5,1.57,2.25,2.25,2.25,0.42,0.16,0.75,2.0,0.5,1.15,64.67,37.33,29.67,32.0,1.3,1.94,3.24,-2.0,1.67,4.33,2.67,3.75,5.0,75.0,25.0,25.0,25.0,75.0,50.0,4.5,4.5,75.0,50.0,25.0,0.0,75.0,75.0,7.75,7.75,100.0,75.0
PAÍSES BAIXOS - EREDIVISIE,2023-11-12,10:30,RODADA 12,FC Volendam,Sparta Rotterdam,16.0,6.0,2.9,3.6,2.25,1.62,2.25,1.53,2.38,2.0,1.25,0.12,0.47,1.0,1.41,1.0,1.41,46.0,36.0,49.0,57.67,1.12,1.06,2.18,1.0,0.0,4.0,3.5,4.25,4.5,50.0,0.0,50.0,25.0,50.0,50.0,3.75,3.75,50.0,25.0,50.0,25.0,50.0,50.0,4.5,4.5,100.0,75.0
ÁUSTRIA - BUNDESLIGA,2023-11-12,10:30,RODADA 14,A. Klagenfurt,Sturm Graz,5.0,2.0,4.75,3.75,1.7,1.7,2.1,1.7,2.05,1.4,1.25,0.12,0.47,1.2,0.91,2.5,0.4,42.2,43.75,48.5,46.33,1.02,1.55,2.57,2.75,6.0,2.9,2.88,4.0,4.0,80.0,40.0,20.0,20.0,60.0,80.0,6.0,6.0,75.0,25.0,25.0,75.0,50.0,75.0,4.5,4.5,100.0,100.0
ÁUSTRIA - BUNDESLIGA,2023-11-12,10:30,RODADA 14,BW Linz,LASK,10.0,3.0,3.75,3.75,1.91,1.62,2.25,1.57,2.25,1.4,1.4,0.21,0.1,1.2,0.91,1.6,0.84,13.33,40.5,18.33,28.5,1.3,1.7,3.0,2.75,3.75,2.61,3.33,5.0,4.2,80.0,60.0,20.0,20.0,40.0,40.0,3.2,3.2,100.0,40.0,0.0,40.0,40.0,60.0,4.6,4.6,80.0,100.0
SUÉCIA - ALLSVENSKAN,2023-11-12,11:00,RODADA 30,AIK Stockholm,Värnamo,12.0,5.0,,,,,,,,0.8,2.0,0.2,0.11,1.6,0.79,1.6,0.94,41.71,32.38,13.5,37.14,1.18,0.0,1.18,6.5,5.6,3.5,3.0,5.0,5.3,70.0,50.0,30.0,40.0,50.0,30.0,5.1,5.1,80.0,50.0,20.0,50.0,60.0,50.0,5.0,5.0,80.0,100.0
SUÉCIA - ALLSVENSKAN,2023-11-12,11:00,RODADA 30,Brommapojkarna,Hacken,14.0,3.0,2.14,4.15,2.93,1.29,3.18,1.32,3.25,1.4,1.8,0.18,0.36,1.4,1.02,1.1,1.25,29.38,51.67,44.57,47.78,1.6,1.3,2.9,0.4,0.1,3.69,3.0,5.1,5.8,70.0,50.0,30.0,40.0,70.0,60.0,5.7,5.7,70.0,10.0,30.0,30.0,50.0,50.0,6.3,6.3,90.0,100.0
SUÉCIA - ALLSVENSKAN,2023-11-12,11:00,RODADA 30,Degerfors,Mjallby,15.0,10.0,2.46,3.58,2.72,1.76,2.07,1.62,2.24,1.8,1.2,0.09,0.2,0.8,1.54,1.1,1.25,54.12,38.0,29.56,35.71,1.4,0.92,2.32,2.8,1.4,3.75,3.62,4.4,3.8,80.0,40.0,20.0,20.0,70.0,70.0,4.9,4.9,70.0,30.0,30.0,30.0,20.0,20.0,3.5,3.5,100.0,90.0
SUÉCIA - ALLSVENSKAN,2023-11-12,11:00,RODADA 30,Hammarby,Halmstad,6.0,11.0,1.5,4.55,6.1,1.62,2.3,1.74,2.04,2.0,0.8,0.16,1.24,2.0,0.67,1.5,0.9,39.75,52.86,60.14,42.43,0.98,0.92,1.9,2.0,2.4,3.6,2.64,6.2,3.8,70.0,30.0,30.0,60.0,60.0,60.0,4.2,4.2,50.0,20.0,50.0,40.0,50.0,60.0,4.7,4.7,90.0,80.0
SUÉCIA - ALLSVENSKAN,2023-11-12,11:00,RODADA 30,Kalmar,Djurgarden,7.0,4.0,3.12,3.55,2.23,1.83,1.98,1.68,2.13,1.0,1.2,0.19,0.36,2.2,0.6,1.1,1.25,45.0,43.0,39.75,41.71,1.3,0.35,1.65,6.0,2.2,3.06,3.61,3.8,3.89,60.0,20.0,40.0,70.0,40.0,30.0,5.0,5.0,60.0,20.0,40.0,30.0,50.0,50.0,5.6,5.6,90.0,80.0
SUÉCIA - ALLSVENSKAN,2023-11-12,11:00,RODADA 30,Malmö FF,Elfsborg,2.0,1.0,1.77,4.15,4.11,1.49,2.38,1.54,2.41,2.6,1.4,0.13,0.46,2.1,0.57,2.2,0.6,34.56,37.75,26.4,43.2,1.5,1.2,2.7,8.1,3.5,2.76,3.03,7.4,5.6,80.0,50.0,20.0,60.0,90.0,50.0,8.1,8.1,70.0,40.0,30.0,70.0,60.0,40.0,5.0,5.0,90.0,90.0
SUÉCIA - ALLSVENSKAN,2023-11-12,11:00,RODADA 30,Sirius,Norrkoping,8.0,9.0,,,,,,,,2.2,2.4,0.28,0.18,1.3,1.15,1.4,1.02,31.56,35.67,26.83,37.67,2.12,1.83,3.95,0.3,0.4,4.59,2.85,7.5,5.1,90.0,70.0,10.0,40.0,80.0,60.0,5.9,5.9,90.0,60.0,10.0,40.0,100.0,80.0,3.5,3.5,90.0,100.0
SUÉCIA - ALLSVENSKAN,2023-11-12,11:00,RODADA 30,Varberg,Göteborg,16.0,13.0,,,,,,,,0.8,1.6,0.58,0.2,0.3,1.61,0.9,1.33,45.6,40.4,51.44,29.38,0.85,1.26,2.11,0.2,1.7,3.6,2.4,3.3,2.3,60.0,30.0,40.0,0.0,50.0,50.0,4.6,4.6,70.0,20.0,30.0,20.0,40.0,40.0,5.2,5.2,90.0,90.0
INGLATERRA - PREMIER LEAGUE,2023-11-12,11:00,RODADA 12,Aston Villa,Fulham,5.0,15.0,1.57,4.2,5.5,1.65,2.2,1.75,2.0,3.25,1.6,0.07,0.26,3.0,0.0,1.0,1.22,38.0,35.67,62.0,45.67,2.51,0.77,3.28,9.0,0.0,1.79,2.5,6.25,3.4,75.0,25.0,25.0,100.0,100.0,75.0,6.25,6.25,60.0,20.0,40.0,20.0,40.0,40.0,3.8,3.8,100.0,80.0
INGLATERRA - PREMIER LEAGUE,2023-11-12,11:00,RODADA 12,Brighton,Sheffield Utd,7.0,20.0,1.22,6.0,15.0,1.4,2.88,1.91,1.91,2.6,3.25,0.13,0.11,2.0,0.71,0.0,,41.8,63.0,51.0,43.5,2.79,1.1,3.89,5.5,-1.0,3.57,3.33,7.0,2.5,100.0,40.0,0.0,60.0,100.0,100.0,8.0,8.0,50.0,0.0,50.0,0.0,100.0,75.0,3.5,3.5,100.0,100.0
INGLATERRA - PREMIER LEAGUE,2023-11-12,11:00,RODADA 12,Liverpool,Brentford,3.0,9.0,1.4,5.0,7.0,1.44,2.7,1.67,2.1,1.5,1.75,0.16,0.13,3.0,0.0,1.0,1.41,30.5,42.67,22.5,73.0,1.66,0.79,2.45,8.0,1.33,2.5,3.56,6.75,4.5,75.0,75.0,25.0,100.0,75.0,50.0,9.0,9.0,50.0,0.0,50.0,25.0,50.0,50.0,6.0,6.0,100.0,100.0
INGLATERRA - PREMIER LEAGUE,2023-11-12,11:00,RODADA 12,West Ham,Nottingham,11.0,12.0,1.8,3.75,4.33,1.8,2.0,1.75,2.0,2.25,0.8,0.1,0.12,1.0,1.41,0.8,1.63,17.0,44.0,45.5,16.67,1.45,1.18,2.63,4.33,0.0,2.17,2.33,3.5,3.4,75.0,25.0,25.0,25.0,75.0,75.0,3.75,3.75,60.0,60.0,40.0,20.0,40.0,40.0,3.8,3.8,100.0,80.0
FRANÇA - LIGUE 1,2023-11-12,11:00,RODADA 12,Clermont,Lorient,17.0,15.0,2.1,3.3,3.5,2.05,1.75,1.8,1.95,1.5,2.75,0.16,0.21,0.0,,0.5,1.15,,11.0,54.25,38.67,1.17,1.62,2.79,-1.0,0.67,,2.0,4.25,3.5,25.0,25.0,75.0,0.0,25.0,25.0,6.0,6.0,50.0,50.0,50.0,0.0,75.0,50.0,2.5,2.5,100.0,75.0
FRANÇA - LIGUE 1,2023-11-12,11:00,RODADA 12,Lille,Toulouse,5.0,14.0,1.53,4.2,6.0,1.73,2.08,1.8,1.95,0.75,1.2,0.31,0.24,2.25,0.67,1.0,1.22,38.25,40.67,,50.0,1.22,0.63,1.85,5.0,0.25,4.25,2.5,5.25,2.8,75.0,25.0,25.0,75.0,25.0,25.0,4.75,4.75,60.0,20.0,40.0,20.0,40.0,60.0,3.6,3.6,100.0,80.0
FRANÇA - LIGUE 1,2023-11-12,11:00,RODADA 12,Metz,Nantes,16.0,8.0,2.88,3.3,2.45,2.03,1.87,1.75,2.0,1.5,2.0,0.31,0.18,0.5,1.15,1.5,1.15,36.0,47.67,32.0,54.0,1.22,1.22,2.44,0.67,3.0,2.25,3.83,3.25,4.75,75.0,25.0,25.0,0.0,50.0,50.0,2.5,2.5,25.0,25.0,75.0,50.0,50.0,50.0,5.75,5.75,100.0,100.0
ITÁLIA - SERIE A,2023-11-12,11:00,RODADA 12,Fiorentina,Bologna,7.0,6.0,2.0,3.5,3.6,1.8,2.0,1.67,2.1,1.33,0.5,,0.24,2.0,0.87,1.0,0.0,19.0,21.5,20.5,45.5,1.22,1.0,2.22,5.0,2.0,1.67,2.75,5.67,4.0,100.0,66.67,0.0,66.67,66.67,33.33,6.67,6.67,50.0,25.0,50.0,0.0,25.0,50.0,4.5,4.5,100.0,50.0
ITÁLIA - SERIE A,2023-11-12,11:00,RODADA 12,Udinese,Atalanta,16.0,5.0,3.6,3.5,2.0,1.91,1.99,1.75,2.0,0.75,1.4,0.16,0.1,0.75,0.67,1.2,1.37,36.0,41.0,33.0,15.0,1.1,1.55,2.65,-1.33,1.75,3.5,3.0,4.75,4.4,50.0,50.0,50.0,0.0,50.0,50.0,4.25,4.25,80.0,60.0,20.0,40.0,60.0,60.0,5.0,5.0,75.0,100.0
PORTUGAL - LIGA PORTUGAL 2,2023-11-12,11:00,RODADA 10,Vilaverdense,Tondela,18.0,13.0,,,,,,,,2.0,2.0,,,0.0,,0.67,0.87,64.33,61.33,31.67,29.0,1.63,1.88,3.51,-1.0,2.0,5.0,3.33,5.0,4.0,100.0,33.33,0.0,0.0,100.0,100.0,6.0,6.0,100.0,33.33,0.0,0.0,66.67,100.0,7.0,7.0,100.0,100.0
ALEMANHA - BUNDESLIGA,2023-11-12,11:30,RODADA 11,Leverkusen,Union Berlin,1.0,16.0,1.25,6.0,10.0,1.57,2.38,2.0,1.75,2.75,1.25,0.04,0.09,3.0,0.0,0.75,2.0,19.0,13.67,40.67,20.25,2.9,1.32,4.22,7.0,4.0,2.69,3.0,10.0,4.5,100.0,75.0,0.0,100.0,100.0,75.0,6.5,6.5,100.0,75.0,0.0,25.0,75.0,75.0,5.25,5.25,100.0,100.0
ESCÓCIA - PREMIERSHIP,2023-11-12,11:30,RODADA 13,Celtic,Aberdeen,1.0,7.0,1.2,6.5,15.0,1.4,2.88,1.95,1.8,2.25,1.8,0.0,0.11,3.0,0.0,1.0,1.22,27.0,34.0,46.33,49.0,2.19,1.1,3.29,8.0,1.25,2.83,1.25,7.75,2.8,75.0,75.0,25.0,100.0,100.0,75.0,9.0,9.0,80.0,20.0,20.0,20.0,40.0,40.0,4.0,4.0,100.0,80.0
BÉLGICA - LIGA JUPILER,2023-11-12,12:00,RODADA 14,Genk,Leuven,5.0,13.0,1.42,5.2,6.5,1.39,3.05,1.55,2.35,1.4,2.2,0.45,0.09,1.2,0.91,0.6,2.24,38.33,26.2,30.0,21.0,2.33,1.18,3.51,2.75,-1.25,2.75,3.9,5.8,5.2,60.0,40.0,40.0,20.0,40.0,40.0,6.6,6.6,100.0,80.0,0.0,20.0,100.0,100.0,4.2,4.2,80.0,100.0
ITÁLIA - SERIE B,2023-11-12,12:15,RODADA 13,Brescia,Cremonese,13.0,6.0,3.05,3.2,2.45,2.4,1.62,1.95,1.78,1.0,2.5,0.17,0.09,1.0,1.22,2.5,0.4,51.33,55.25,53.67,53.0,0.87,1.34,2.21,0.25,6.33,2.67,2.25,2.2,4.75,40.0,0.0,60.0,20.0,20.0,40.0,2.8,2.8,50.0,50.0,50.0,75.0,100.0,100.0,8.75,8.75,80.0,100.0
ITÁLIA - SERIE B,2023-11-12,12:15,RODADA 13,Lecco,Parma,17.0,1.0,4.05,3.7,1.88,1.88,2.02,1.72,2.05,2.67,2.75,,0.17,0.0,,2.25,0.67,,33.5,23.0,41.33,1.12,2.83,3.95,-2.0,9.0,,1.56,6.0,4.5,100.0,0.0,0.0,0.0,33.33,33.33,5.0,5.0,50.0,50.0,50.0,75.0,100.0,75.0,5.75,5.75,100.0,100.0
ESPANHA - LALIGA,2023-11-12,12:15,RODADA 13,Barcelona,Alavés,3.0,14.0,1.22,7.0,12.0,1.5,2.5,2.1,1.67,2.4,1.0,0.12,0.29,2.4,0.56,0.4,1.37,54.8,60.5,43.5,46.8,1.7,0.57,2.27,5.0,1.25,3.76,9.0,7.0,4.6,60.0,20.0,40.0,80.0,60.0,40.0,6.2,6.2,60.0,0.0,40.0,0.0,0.0,40.0,4.6,4.6,100.0,100.0
ESPANHA - LALIGA2,2023-11-12,12:15,RODADA 15,Andorra,Eldense,16.0,15.0,1.98,3.45,3.95,2.22,1.72,1.93,1.8,1.6,1.6,0.44,0.24,1.67,0.9,1.33,1.02,72.0,51.2,61.67,39.0,1.3,0.92,2.22,4.8,0.4,1.39,2.4,2.67,2.83,16.67,0.0,83.33,50.0,16.67,16.67,4.83,4.83,66.67,33.33,33.33,33.33,33.33,50.0,4.33,4.33,83.33,100.0
PORTUGAL - LIGA PORTUGAL,2023-11-12,12:30,RODADA 11,Boavista,Farense,8.0,13.0,2.07,3.4,3.65,2.07,1.83,1.8,1.95,2.0,0.67,0.18,,2.0,0.58,0.0,,37.0,,34.25,36.33,1.82,0.7,2.52,3.33,0.0,2.56,,4.75,1.33,100.0,50.0,0.0,50.0,75.0,100.0,4.75,4.75,66.67,33.33,33.33,0.0,33.33,33.33,3.33,3.33,100.0,100.0
PORTUGAL - LIGA PORTUGAL,2023-11-12,12:30,RODADA 11,Gil Vicente,Rio Ave,11.0,15.0,2.05,3.4,3.7,2.07,1.83,1.8,1.93,3.5,1.67,0.17,,2.25,0.67,0.33,1.73,38.0,28.5,35.0,52.67,2.42,1.0,3.42,6.0,0.5,2.5,3.5,6.5,3.33,75.0,50.0,25.0,75.0,75.0,50.0,3.0,3.0,66.67,0.0,33.33,0.0,33.33,66.67,1.33,1.33,100.0,100.0
PORTUGAL - LIGA PORTUGAL 2,2023-11-12,12:30,RODADA 10,Leixoes,Maritimo,11.0,4.0,,,,,,,,1.33,1.67,,,0.67,0.87,3.0,0.0,67.0,40.0,41.0,46.5,0.67,1.63,2.3,1.5,6.0,5.0,1.67,4.0,3.33,66.67,0.0,33.33,0.0,33.33,66.67,2.33,2.33,66.67,33.33,33.33,100.0,66.67,66.67,6.67,6.67,66.67,100.0
ALEMANHA - 3. LIGA,2023-11-12,12:30,RODADA 15,RW Essen,Mannheim,3.0,17.0,1.91,3.6,3.5,1.73,2.08,1.67,2.1,1.4,1.6,0.64,0.1,1.6,0.84,0.67,1.82,20.67,55.75,46.5,45.33,1.55,0.98,2.53,3.25,0.6,2.39,2.0,3.2,2.67,80.0,40.0,20.0,40.0,60.0,60.0,5.6,5.6,83.33,16.67,16.67,16.67,50.0,66.67,3.83,3.83,80.0,100.0
GRÉCIA - SUPERLIGA,2023-11-12,12:30,RODADA 11,PAOK,Panetolikos,4.0,12.0,1.18,6.5,17.0,1.57,2.35,2.25,1.57,1.25,1.0,0.0,0.12,2.5,0.4,0.25,2.0,37.0,,,23.25,1.87,0.25,2.12,7.33,-2.67,2.83,,5.5,3.75,75.0,0.0,25.0,75.0,50.0,25.0,6.5,6.5,100.0,25.0,0.0,0.0,50.0,25.0,5.0,5.0,75.0,100.0
NORUEGA - ELITESERIEN,2023-11-12,13:00,RODADA 28,Bodo/Glimt,Aalesund,,,,,,,,,,2.2,2.4,0.11,0.21,2.5,0.43,0.3,3.16,32.78,39.57,21.14,29.9,3.55,1.26,4.81,7.6,-4.7,1.82,3.43,5.4,3.4,80.0,60.0,20.0,80.0,80.0,60.0,6.2,6.2,90.0,70.0,10.0,10.0,80.0,70.0,6.0,6.0,100.0,100.0
NORUEGA - ELITESERIEN,2023-11-12,13:00,RODADA 28,Odd Grenland,Tromsö,,,3.3,3.4,2.12,1.85,1.98,1.65,2.1,1.8,1.4,0.18,0.39,1.5,0.9,1.9,0.76,45.43,51.75,46.14,43.17,1.1,1.2,2.3,3.5,6.9,3.07,1.91,3.5,2.5,60.0,10.0,40.0,40.0,20.0,40.0,4.5,4.5,60.0,20.0,40.0,60.0,60.0,50.0,2.4,2.4,100.0,90.0
NORUEGA - ELITESERIEN,2023-11-12,13:00,RODADA 28,Sandefjord,Rosenborg,15.0,9.0,,,,,,,,1.2,1.4,0.63,0.54,1.1,1.0,1.1,1.25,40.83,36.88,37.17,19.56,1.41,1.1,2.51,2.3,1.8,3.3,2.33,3.78,4.11,40.0,30.0,60.0,20.0,40.0,50.0,5.3,5.3,100.0,50.0,0.0,30.0,80.0,70.0,4.0,4.0,70.0,100.0
NORUEGA - ELITESERIEN,2023-11-12,13:00,RODADA 28,Strömsgodset,HamKam,,,1.98,3.7,3.4,1.62,2.3,1.53,2.32,0.8,2.2,0.32,0.29,1.9,0.76,0.9,1.61,36.56,44.57,29.0,30.25,2.12,0.92,3.04,6.6,-1.1,3.04,2.31,4.5,3.8,100.0,30.0,0.0,60.0,40.0,50.0,4.2,4.2,80.0,40.0,20.0,30.0,70.0,50.0,4.6,4.6,100.0,100.0
NORUEGA - ELITESERIEN,2023-11-12,13:00,RODADA 28,Vålerenga,Stabaek,14.0,13.0,,,,,,,,2.0,1.4,0.3,0.19,0.8,1.54,0.4,1.29,39.14,33.0,31.33,29.78,1.9,1.5,3.4,0.8,0.3,2.64,4.17,4.2,3.9,70.0,50.0,30.0,20.0,70.0,60.0,6.4,6.4,80.0,60.0,20.0,0.0,60.0,60.0,4.3,4.3,100.0,90.0
NORUEGA - ELITESERIEN,2023-11-12,13:00,RODADA 28,Viking,Sarpsborg 08,4.0,7.0,1.78,4.15,3.75,1.33,3.15,1.35,2.95,3.0,1.4,0.15,0.19,2.5,0.43,1.4,1.02,52.3,34.3,36.57,44.29,2.24,1.9,4.14,7.2,3.1,2.8,3.31,5.8,5.44,50.0,50.0,50.0,80.0,60.0,70.0,7.2,7.2,70.0,50.0,30.0,40.0,70.0,70.0,5.6,5.6,100.0,100.0
ÁUSTRIA - BUNDESLIGA,2023-11-12,13:00,RODADA 14,Austria Vienna,Red Bull Salzburg,7.0,1.0,4.5,4.2,1.65,1.5,2.5,1.57,2.25,1.0,2.2,0.24,0.16,1.5,0.67,2.2,0.5,20.5,31.8,,46.5,1.34,1.14,2.48,7.67,5.0,2.38,2.8,5.0,6.2,50.0,50.0,50.0,25.0,50.0,25.0,5.5,5.5,100.0,40.0,0.0,60.0,80.0,80.0,6.4,6.4,50.0,100.0
FRANÇA - LIGUE 1,2023-11-12,13:05,RODADA 12,Rennes,Lyon,11.0,18.0,1.67,4.0,4.5,1.65,2.2,1.67,2.1,2.4,1.67,0.17,,1.6,0.84,0.0,,33.2,,34.2,65.0,2.08,0.77,2.85,2.75,-1.0,2.89,,7.0,5.33,100.0,80.0,0.0,40.0,100.0,100.0,4.4,4.4,33.33,0.0,66.67,0.0,33.33,33.33,4.0,4.0,100.0,100.0
ALEMANHA - BUNDESLIGA,2023-11-12,13:30,RODADA 11,Bremen,Frankfurt,12.0,7.0,2.9,3.3,2.38,1.73,2.1,1.57,2.25,2.25,1.0,0.05,,1.5,1.15,1.67,0.69,19.33,52.0,14.33,34.0,1.41,1.83,3.24,-1.0,6.0,2.0,3.22,4.0,4.33,100.0,50.0,0.0,50.0,100.0,50.0,3.5,3.5,66.67,33.33,33.33,33.33,33.33,100.0,3.0,3.0,100.0,100.0
ESPANHA - LALIGA,2023-11-12,14:30,RODADA 13,Sevilla,Bétis,15.0,6.0,2.05,3.4,3.6,2.06,1.84,1.8,1.95,1.8,1.2,0.16,0.28,1.0,1.22,1.0,1.22,61.8,13.75,43.75,33.6,1.7,1.3,3.0,1.25,1.25,5.2,2.38,5.8,3.2,40.0,40.0,60.0,20.0,60.0,80.0,7.4,7.4,100.0,80.0,0.0,20.0,60.0,80.0,4.6,4.6,100.0,100.0
ESPANHA - LALIGA2,2023-11-12,14:30,RODADA 15,Huesca,Espanyol,20.0,5.0,3.65,3.15,2.18,2.35,1.65,1.95,1.8,1.2,1.0,0.07,0.21,0.33,1.55,1.67,0.9,54.5,34.4,42.83,38.25,0.85,1.4,2.25,-1.6,3.4,2.0,3.1,2.17,4.5,50.0,16.67,50.0,0.0,16.67,33.33,6.17,6.17,83.33,33.33,16.67,50.0,33.33,50.0,5.83,5.83,100.0,100.0
ESPANHA - LALIGA2,2023-11-12,14:30,RODADA 15,Tenerife,Villarreal B,8.0,18.0,1.7,3.8,5.1,2.05,1.85,1.95,1.8,0.6,2.4,1.1,0.12,2.67,0.31,0.5,1.1,35.6,45.25,,48.5,1.55,0.49,2.04,4.6,0.6,3.0,1.38,4.17,2.5,50.0,16.67,50.0,83.33,16.67,16.67,4.5,4.5,50.0,16.67,50.0,0.0,50.0,66.67,1.33,1.33,83.33,100.0
BÉLGICA - LIGA JUPILER,2023-11-12,14:30,RODADA 14,Gent,Anderlecht,3.0,2.0,2.1,3.7,3.3,1.75,2.18,1.6,2.25,1.4,1.8,0.07,0.14,2.2,0.5,1.0,1.22,44.6,40.25,41.2,47.75,1.79,1.2,2.99,6.0,0.25,3.9,3.38,6.6,4.4,80.0,60.0,20.0,60.0,80.0,100.0,4.6,4.6,60.0,40.0,40.0,20.0,40.0,60.0,6.0,6.0,100.0,100.0
GRÉCIA - SUPERLIGA,2023-11-12,14:30,RODADA 11,AEK,Lamia,3.0,5.0,1.18,7.0,11.0,1.48,2.6,2.1,1.67,1.0,2.5,0.12,0.09,2.0,0.58,0.5,1.15,41.25,69.5,42.67,57.75,1.98,0.75,2.73,3.67,-0.67,5.25,4.0,7.75,4.0,100.0,50.0,0.0,50.0,50.0,75.0,8.0,8.0,25.0,25.0,75.0,0.0,50.0,50.0,2.75,2.75,100.0,100.0
PORTUGAL - LIGA PORTUGAL,2023-11-12,15:00,RODADA 11,Arouca,Braga,18.0,4.0,5.2,4.0,1.65,1.75,2.18,1.72,2.05,2.25,3.25,0.26,0.15,1.0,1.41,2.25,0.67,53.5,27.5,39.5,46.75,1.68,2.29,3.97,1.0,6.0,2.5,3.1,3.75,6.75,50.0,25.0,50.0,25.0,25.0,50.0,6.25,6.25,100.0,75.0,0.0,75.0,100.0,100.0,5.0,5.0,100.0,100.0
PORTUGAL - LIGA PORTUGAL 2,2023-11-12,15:00,RODADA 10,Académico Viseu,Benfica B,16.0,10.0,2.04,3.5,3.36,1.82,1.93,1.68,2.13,2.0,1.33,,,1.33,1.15,1.33,1.15,58.0,22.67,74.5,57.33,1.49,1.41,2.9,2.5,1.5,3.17,2.42,3.67,3.67,33.33,0.0,66.67,33.33,33.33,66.67,5.0,5.0,100.0,66.67,0.0,33.33,66.67,100.0,4.0,4.0,100.0,100.0
NORUEGA - ELITESERIEN,2023-11-12,15:15,RODADA 28,Molde,Lilleström,,,1.5,4.5,5.5,1.47,2.55,1.6,2.22,1.6,1.4,0.26,0.13,2.0,0.67,1.1,1.25,21.44,56.83,36.17,59.75,1.91,0.69,2.6,8.3,2.1,2.73,2.25,5.7,3.0,90.0,60.0,10.0,60.0,60.0,60.0,7.3,7.3,50.0,10.0,50.0,30.0,50.0,50.0,6.1,6.1,90.0,90.0
BÉLGICA - LIGA JUPILER,2023-11-12,15:15,RODADA 14,Royale Union SG,Kortrijk,1.0,16.0,1.22,6.5,12.5,1.55,2.6,2.15,1.65,1.6,1.0,0.29,0.24,2.0,0.71,0.0,,17.0,,37.2,29.25,2.77,0.0,2.77,1.75,-6.0,2.6,,7.6,3.5,100.0,80.0,0.0,60.0,80.0,80.0,5.2,5.2,100.0,25.0,0.0,0.0,50.0,0.0,4.75,4.75,100.0,100.0
ALEMANHA - BUNDESLIGA,2023-11-12,15:30,RODADA 11,RB Leipzig,Freiburg,5.0,8.0,1.45,4.75,5.75,1.57,2.38,1.75,2.0,1.75,1.0,0.67,0.12,2.5,0.4,1.0,1.41,24.0,,,23.33,2.81,0.35,3.16,9.33,3.0,2.12,,8.75,3.75,75.0,50.0,25.0,75.0,75.0,25.0,6.25,6.25,75.0,75.0,25.0,25.0,75.0,25.0,2.5,2.5,75.0,75.0
ALEMANHA - 3. LIGA,2023-11-12,15:30,RODADA 15,Regensburg,Ulm,2.0,4.0,2.1,3.4,3.2,1.8,2.0,1.65,2.12,0.8,1.4,0.22,0.09,1.83,0.72,2.0,0.71,44.4,39.2,30.5,19.25,1.2,1.2,2.4,2.2,5.25,4.6,3.1,5.0,4.8,83.33,50.0,16.67,50.0,50.0,66.67,5.5,5.5,100.0,40.0,0.0,60.0,60.0,80.0,5.4,5.4,83.33,100.0
GRÉCIA - SUPERLIGA,2023-11-12,15:30,RODADA 11,Asteras T.,Olympiacos,8.0,2.0,5.5,4.33,1.53,1.73,2.08,1.8,1.95,1.25,0.5,0.0,,1.0,1.41,2.0,0.71,14.0,27.5,22.0,,0.87,2.12,2.99,5.33,,2.44,3.0,3.25,6.0,100.0,75.0,0.0,25.0,100.0,50.0,3.75,3.75,100.0,100.0,0.0,50.0,50.0,50.0,5.5,5.5,100.0,100.0
BRASIL - SÉRIE B,2023-11-12,15:45,RODADA 36,Ceará,Mirassol,11.0,7.0,2.62,2.8,2.62,2.4,1.5,1.95,1.75,1.2,1.6,0.22,0.15,1.2,1.1,1.1,1.25,41.4,27.17,36.33,51.71,0.69,1.5,2.19,-0.6,2.8,4.7,2.44,4.6,3.4,50.0,30.0,50.0,30.0,40.0,30.0,6.8,6.8,60.0,20.0,40.0,30.0,50.0,40.0,3.1,3.1,80.0,90.0
GRÉCIA - SUPERLIGA,2023-11-12,16:30,RODADA 11,Kifisias,Panathinaikos,11.0,1.0,19.0,7.0,1.17,1.53,2.4,2.38,1.53,2.33,1.33,,,1.67,0.69,3.0,0.0,47.0,38.33,47.0,,0.0,2.24,2.24,3.0,10.0,2.5,1.78,5.0,5.33,66.67,33.33,33.33,33.33,66.67,66.67,4.33,4.33,66.67,66.67,33.33,100.0,66.67,0.0,5.33,5.33,66.67,100.0
FRANÇA - LIGUE 1,2023-11-12,16:45,RODADA 12,Lens,Marseille,10.0,9.0,2.38,3.4,2.9,1.85,2.05,1.67,2.1,0.75,1.5,0.16,0.08,1.25,1.01,0.5,1.15,39.33,9.0,42.0,47.75,1.41,0.87,2.28,2.67,-0.33,4.17,5.75,6.5,3.75,100.0,25.0,0.0,25.0,25.0,75.0,9.25,9.25,75.0,50.0,25.0,0.0,50.0,50.0,5.25,5.25,100.0,100.0
PORTUGAL - LIGA PORTUGAL,2023-11-12,17:30,RODADA 11,Benfica,Sporting CP,1.0,2.0,1.95,3.75,3.7,1.75,2.18,1.62,2.2,1.33,1.67,,,2.33,0.49,2.33,0.49,44.67,16.33,,58.0,1.76,0.81,2.57,7.0,5.0,4.75,2.61,8.67,5.67,66.67,33.33,33.33,66.67,33.33,33.33,10.0,10.0,100.0,33.33,0.0,66.67,66.67,100.0,5.0,5.0,100.0,100.0
AUSTRÁLIA - A-LEAGUE,2023-11-24,05:45,RODADA 5,Macarthur FC,Melbourne Victory,4.0,2.0,,,,,,,,,,,,,,,,,,,,,,,,,,,,,80.0,80.0,20.0,0.0,80.0,80.0,,,,,,,,,,,80.0,
JAPÃO - LIGA J1,2023-11-24,07:00,RODADA 33,Kawasaki,Kashima,9.0,7.0,,,,,,,,1.6,1.6,0.28,0.2,1.5,0.9,1.1,1.25,51.5,39.88,30.67,30.88,1.8,1.18,2.98,3.5,1.3,3.43,3.04,3.78,4.0,60.0,50.0,40.0,40.0,40.0,50.0,4.9,4.9,90.0,60.0,10.0,30.0,50.0,60.0,3.9,3.9,90.0,100.0
ARÁBIA SAUDITA - LIGA PROFISSIONAL SAUDITA,2023-11-24,12:00,RODADA 14,Al-Ettifaq,Al-Ittihad,7.0,6.0,,,,,,,,2.25,1.6,0.0,0.16,2.25,0.67,2.17,0.61,31.5,46.4,26.5,20.0,0.71,2.05,2.76,6.0,8.0,2.83,3.93,5.5,6.5,75.0,50.0,25.0,75.0,100.0,100.0,3.75,3.75,50.0,33.33,50.0,66.67,50.0,16.67,6.67,6.67,100.0,100.0
GRÉCIA - SUPERLIGA,2023-11-24,13:15,RODADA 12,OFI Crete,Volos,,,1.65,3.7,5.6,2.05,1.85,1.93,1.8,1.25,1.0,0.19,,2.5,0.4,0.33,1.73,36.25,,63.0,31.67,1.87,0.5,2.37,6.0,-0.5,2.71,,4.0,1.67,75.0,25.0,25.0,75.0,25.0,50.0,3.5,3.5,100.0,33.33,0.0,0.0,33.33,33.33,2.67,2.67,100.0,100.0
ALEMANHA - 2. BUNDESLIGA,2023-11-24,14:30,RODADA 14,Hamburger SV,Braunschweig,2.0,18.0,,,,,,,,1.75,1.0,0.13,0.0,3.0,0.0,0.0,,29.0,,,26.25,2.74,0.43,3.17,8.0,-3.0,3.16,,9.0,3.0,100.0,75.0,0.0,100.0,50.0,25.0,5.5,5.5,100.0,75.0,0.0,0.0,75.0,25.0,4.75,4.75,100.0,100.0
ALEMANHA - BUNDESLIGA,2023-11-24,16:30,RODADA 12,Köln,Bayern,18.0,2.0,8.7,6.44,1.34,1.25,3.54,1.52,2.46,2.67,2.0,,,1.0,1.73,3.0,0.0,41.67,24.33,42.0,36.5,1.06,2.45,3.51,4.5,10.0,3.89,2.89,5.67,8.0,66.67,33.33,33.33,33.33,100.0,100.0,9.0,9.0,100.0,33.33,0.0,100.0,100.0,66.67,9.33,9.33,100.0,100.0
BÉLGICA - LIGA JUPILER,2023-11-24,16:45,RODADA 15,St. Truiden,Antwerp,9.0,6.0,,,,,,,,1.8,2.0,0.06,0.27,1.17,1.26,0.83,1.4,44.67,39.6,66.6,44.8,1.06,1.5,2.56,0.8,0.0,2.83,2.47,3.83,3.83,50.0,16.67,50.0,33.33,33.33,33.33,4.5,4.5,83.33,16.67,16.67,16.67,66.67,66.67,4.5,4.5,100.0,100.0
FRANÇA - LIGUE 1,2023-11-24,17:00,RODADA 13,PSG,Monaco,1.0,2.0,1.5,4.75,5.8,1.4,3.0,1.5,2.5,1.6,2.75,0.22,0.09,2.0,0.71,2.0,0.58,14.25,28.0,,17.75,2.19,1.34,3.53,7.75,3.33,1.85,2.54,5.2,7.25,80.0,60.0,20.0,60.0,80.0,20.0,6.2,6.2,100.0,75.0,0.0,50.0,100.0,100.0,5.75,5.75,80.0,100.0
AUSTRÁLIA - A-LEAGUE,2023-11-25,00:30,RODADA 5,Wellington Phoenix,Melbourne City,3.0,8.0,,,,,,,,,,,,,,,,,,,,,,,,,,,,,50.0,0.0,50.0,33.33,0.0,50.0,,,85.71,71.43,14.29,28.57,71.43,85.71,,,100.0,85.71
BÉLGICA - LIGA JUPILER,2023-11-25,12:00,RODADA 15,Cercle Brugge,Eupen,4.0,10.0,,,,,,,,1.2,2.0,0.0,0.19,2.4,0.56,1.17,1.26,27.5,48.0,55.0,41.4,1.9,1.06,2.96,3.25,4.4,2.33,1.73,4.6,2.5,60.0,40.0,40.0,80.0,40.0,40.0,7.0,7.0,66.67,33.33,33.33,33.33,50.0,66.67,3.17,3.17,100.0,100.0
ESCÓCIA - PREMIERSHIP,2023-11-25,12:00,RODADA 14,Celtic,Motherwell,1.0,9.0,,,,,,,,2.25,1.0,0.0,,3.0,0.0,1.33,1.15,27.0,37.0,46.33,60.5,1.73,0.82,2.55,8.0,2.0,2.83,3.5,7.75,3.0,75.0,75.0,25.0,100.0,100.0,75.0,9.0,9.0,66.67,0.0,33.33,33.33,0.0,33.33,7.33,7.33,100.0,100.0
ESCÓCIA - PREMIERSHIP,2023-11-25,12:00,RODADA 14,Dundee FC,Hibernian,6.0,8.0,,,,,,,,1.75,2.75,0.07,0.04,0.75,0.67,1.25,1.01,42.0,59.75,26.67,51.67,1.06,1.87,2.93,1.67,1.33,2.25,2.25,4.75,4.0,75.0,25.0,25.0,0.0,50.0,50.0,6.0,6.0,50.0,0.0,50.0,25.0,75.0,75.0,3.75,3.75,75.0,100.0
PAÍSES BAIXOS - EREDIVISIE,2023-11-25,12:30,RODADA 13,Excelsior,Feyenoord,7.0,3.0,,,,,,,,2.5,2.0,0.05,0.12,1.25,1.01,2.5,0.4,52.33,28.75,43.67,29.5,1.06,2.38,3.44,1.67,4.33,2.5,2.61,4.25,7.75,50.0,25.0,50.0,25.0,75.0,75.0,3.0,3.0,100.0,50.0,0.0,75.0,75.0,50.0,6.0,6.0,75.0,100.0
GRÉCIA - SUPERLIGA,2023-11-25,12:30,RODADA 12,Olympiacos,Panetolikos,2.0,12.0,,,,,,,,1.6,1.0,0.22,0.12,2.4,0.56,0.25,2.0,36.2,,,23.25,2.37,0.39,2.76,9.25,-2.67,1.75,,5.4,3.75,80.0,80.0,20.0,80.0,80.0,0.0,5.4,5.4,100.0,25.0,0.0,0.0,50.0,25.0,5.0,5.0,100.0,100.0
ÁUSTRIA - BUNDESLIGA,2023-11-25,13:00,RODADA 15,LASK,Tirol,3.0,11.0,,,,,,,,1.0,2.2,0.25,0.11,2.6,0.34,0.67,1.82,51.0,23.0,,59.83,1.67,0.0,1.67,4.5,2.6,3.75,2.67,5.0,2.67,40.0,0.0,60.0,80.0,0.0,0.0,6.4,6.4,50.0,16.67,50.0,16.67,50.0,33.33,2.17,2.17,80.0,100.0
ÁUSTRIA - BUNDESLIGA,2023-11-25,13:00,RODADA 15,Red Bull Salzburg,Hartberg,1.0,4.0,,,,,,,,1.2,1.2,0.17,0.42,1.8,0.91,1.6,0.84,41.67,27.5,47.5,8.5,1.18,0.8,1.98,1.25,1.75,2.56,2.5,4.8,4.4,40.0,20.0,60.0,60.0,20.0,0.0,5.4,5.4,60.0,40.0,40.0,40.0,60.0,40.0,5.2,5.2,100.0,80.0
ÁUSTRIA - BUNDESLIGA,2023-11-25,13:00,RODADA 15,Sturm Graz,A. Lustenau,2.0,12.0,,,,,,,,1.4,1.0,0.21,0.47,2.33,0.44,0.5,1.15,27.6,,32.67,63.33,1.41,0.45,1.86,6.2,0.67,2.55,,4.17,1.5,83.33,33.33,16.67,66.67,50.0,50.0,5.83,5.83,25.0,0.0,75.0,0.0,0.0,25.0,3.0,3.0,83.33,75.0
ÁUSTRIA - BUNDESLIGA,2023-11-26,10:30,RODADA 15,Altach,A. Klagenfurt,9.0,5.0,,,,,,,,1.0,2.2,0.47,0.26,1.75,0.86,2.2,0.5,58.33,31.0,34.0,31.67,1.0,1.28,2.28,3.33,8.0,4.33,2.04,6.0,5.2,25.0,25.0,75.0,50.0,50.0,50.0,7.25,7.25,80.0,20.0,20.0,60.0,80.0,60.0,4.2,4.2,75.0,80.0
NORUEGA - ELITESERIEN,2023-11-26,13:00,RODADA 29,Aalesund,Viking,,,,,,,,,,1.6,1.4,0.25,0.23,0.8,1.54,1.7,0.83,32.4,45.12,46.22,43.62,1.4,1.41,2.81,-1.2,-2.3,2.2,3.83,3.1,5.3,70.0,40.0,30.0,20.0,60.0,50.0,4.6,4.6,70.0,30.0,30.0,50.0,40.0,60.0,4.6,4.6,90.0,100.0
